-- phpMyAdmin SQL Dump
-- version 5.2.0
-- https://www.phpmyadmin.net/
--
-- Host: localhost:8889
-- Generation Time: Dec 21, 2023 at 05:54 AM
-- Server version: 5.7.39
-- PHP Version: 7.4.33

SET SQL_MODE = "NO_AUTO_VALUE_ON_ZERO";
START TRANSACTION;
SET time_zone = "+00:00";


/*!40101 SET @OLD_CHARACTER_SET_CLIENT=@@CHARACTER_SET_CLIENT */;
/*!40101 SET @OLD_CHARACTER_SET_RESULTS=@@CHARACTER_SET_RESULTS */;
/*!40101 SET @OLD_COLLATION_CONNECTION=@@COLLATION_CONNECTION */;
/*!40101 SET NAMES utf8mb4 */;

--
-- Database: `Coffre_à_Histoires`
--

-- --------------------------------------------------------

--
-- Table structure for table `Books`
--

CREATE TABLE `Books` (
  `Id` int(11) NOT NULL,
  `Book` varchar(500) NOT NULL,
  `Level` varchar(300) DEFAULT NULL,
  `updated_at` timestamp NOT NULL DEFAULT CURRENT_TIMESTAMP,
  `created_at` datetime NOT NULL DEFAULT CURRENT_TIMESTAMP
) ENGINE=InnoDB DEFAULT CHARSET=utf8;

--
-- Dumping data for table `Books`
--

INSERT INTO `Books` (`Id`, `Book`, `Level`, `updated_at`, `created_at`) VALUES
(1, '1,2,3 banquise', '', '2023-12-21 00:21:14', '2023-12-21 11:09:26'),
(2, '31 Boîtes', NULL, '2023-12-21 05:39:26', '2023-12-21 11:09:26'),
(3, 'Atchoum', NULL, '2023-12-21 05:39:26', '2023-12-21 11:09:26'),
(4, 'Au Galop!', NULL, '2023-12-21 05:39:26', '2023-12-21 11:09:26'),
(5, 'Aujourd\'hui je suis...', NULL, '2023-12-21 05:39:26', '2023-12-21 11:09:26'),
(6, 'Avec moi c\'est comme ça', NULL, '2023-12-21 05:39:26', '2023-12-21 11:09:26'),
(7, 'Banquise blues', NULL, '2023-12-21 05:39:26', '2023-12-21 11:09:26'),
(8, 'Beau bon', NULL, '2023-12-21 05:39:26', '2023-12-21 11:09:26'),
(9, 'Bientôt l\'hiver', NULL, '2023-12-21 05:39:26', '2023-12-21 11:09:26'),
(10, 'Blanche Neige', NULL, '2023-12-21 05:39:26', '2023-12-21 11:09:26'),
(11, 'Blanche-Neige', NULL, '2023-12-21 05:39:26', '2023-12-21 11:09:26'),
(12, 'Bloup bloup bloup', NULL, '2023-12-21 05:39:26', '2023-12-21 11:09:26'),
(13, 'Bon appétit! Monsieur Lapin', NULL, '2023-12-21 05:39:26', '2023-12-21 11:09:26'),
(14, 'C’est dingue !', NULL, '2023-12-21 05:39:26', '2023-12-21 11:09:26'),
(15, 'C’est dingue !', NULL, '2023-12-21 05:39:26', '2023-12-21 11:09:26'),
(16, 'ça suffit mammouth', NULL, '2023-12-21 05:39:26', '2023-12-21 11:09:26'),
(17, 'C\'est moi le plus fort', NULL, '2023-12-21 05:39:26', '2023-12-21 11:09:26'),
(18, 'chats', NULL, '2023-12-21 05:39:26', '2023-12-21 11:09:26'),
(19, 'Chut ! on a un plan', NULL, '2023-12-21 05:39:26', '2023-12-21 11:09:26'),
(20, 'Coincé', NULL, '2023-12-21 05:39:26', '2023-12-21 11:09:26'),
(21, 'Couleurs', NULL, '2023-12-21 05:39:26', '2023-12-21 11:09:26'),
(22, 'Crocolou aime les livres', NULL, '2023-12-21 05:39:26', '2023-12-21 11:09:26'),
(23, 'Dangereux', NULL, '2023-12-21 05:39:26', '2023-12-21 11:09:26'),
(24, 'Dans la cour de l’école', NULL, '2023-12-21 05:39:26', '2023-12-21 11:09:26'),
(25, 'Dans ma maison', NULL, '2023-12-21 05:39:26', '2023-12-21 11:09:26'),
(26, 'Dis papa est-ce que les dinosaures sont morts ?', NULL, '2023-12-21 05:39:26', '2023-12-21 11:09:26'),
(27, 'Dis papa est-ce que les dinosaures sont morts ?', NULL, '2023-12-21 05:39:26', '2023-12-21 11:09:26'),
(28, 'Dis-moi', NULL, '2023-12-21 05:39:26', '2023-12-21 11:09:26'),
(29, 'Dis-moi ?', NULL, '2023-12-21 05:39:26', '2023-12-21 11:09:26'),
(30, 'Drôle d\'oeuf', NULL, '2023-12-21 05:39:26', '2023-12-21 11:09:26'),
(31, 'Ecoute les bruits du château', NULL, '2023-12-21 05:39:26', '2023-12-21 11:09:26'),
(32, 'Ecoute les bruits du cirque', NULL, '2023-12-21 05:39:26', '2023-12-21 11:09:26'),
(33, 'Enora', NULL, '2023-12-21 05:39:26', '2023-12-21 11:09:26'),
(34, 'Ephémère', NULL, '2023-12-21 05:39:26', '2023-12-21 11:09:26'),
(35, 'Estheba pour le prénom Estheban ... Voir fiche \"n\" pour compléter)', NULL, '2023-12-21 05:39:26', '2023-12-21 11:09:26'),
(36, 'Et pourquoi?', NULL, '2023-12-21 05:39:26', '2023-12-21 11:09:26'),
(37, 'Et si je mangeais ma soupe?', NULL, '2023-12-21 05:39:26', '2023-12-21 11:09:26'),
(38, 'Frisson l’écureuil', NULL, '2023-12-21 05:39:26', '2023-12-21 11:09:26'),
(39, 'Grand loup et petit loup', NULL, '2023-12-21 05:39:26', '2023-12-21 11:09:26'),
(40, 'Grand loup petit loup', NULL, '2023-12-21 05:39:26', '2023-12-21 11:09:26'),
(41, 'Grosse colère', NULL, '2023-12-21 05:39:26', '2023-12-21 11:09:26'),
(42, 'Hier je t’ai…', NULL, '2023-12-21 05:39:26', '2023-12-21 11:09:26'),
(43, 'ici pour le prénom \"Marie-Stella\", voir aussi sous \"Stella\"', NULL, '2023-12-21 05:39:26', '2023-12-21 11:09:26'),
(44, 'ici, pour le prénom \"Marie-Stella\", voir aussi sous \"Marie\"', NULL, '2023-12-21 05:39:26', '2023-12-21 11:09:26'),
(45, 'ici, pour le prénom \"Patricia\", voir aussi sous \"ia\"', NULL, '2023-12-21 05:39:26', '2023-12-21 11:09:26'),
(46, 'ici, pour le prénom \"Patricia\", voir aussi sous \"Patric\"', NULL, '2023-12-21 05:39:26', '2023-12-21 11:09:26'),
(47, 'Igor et Natacha', NULL, '2023-12-21 05:39:26', '2023-12-21 11:09:26'),
(48, 'Il était plusieurs fois une forêt', NULL, '2023-12-21 05:39:26', '2023-12-21 11:09:26'),
(49, 'L’Afrique de Zigomar', NULL, '2023-12-21 05:39:26', '2023-12-21 11:09:26'),
(50, 'L’hiver de la famille souris', NULL, '2023-12-21 05:39:26', '2023-12-21 11:09:26'),
(51, 'La chasse à l\'ours', NULL, '2023-12-21 05:39:26', '2023-12-21 11:09:26'),
(52, 'La colère du dragon', NULL, '2023-12-21 05:39:26', '2023-12-21 11:09:26'),
(53, 'La moufle', NULL, '2023-12-21 05:39:26', '2023-12-21 11:09:26'),
(54, 'La nature', NULL, '2023-12-21 05:39:26', '2023-12-21 11:09:26'),
(55, 'La provision de bisous de Zou', NULL, '2023-12-21 05:39:26', '2023-12-21 11:09:26'),
(56, 'La tarte aux fées', NULL, '2023-12-21 05:39:26', '2023-12-21 11:09:26'),
(57, 'La tournée du facteur Souris', NULL, '2023-12-21 05:39:26', '2023-12-21 11:09:26'),
(58, 'le bain de Berk', NULL, '2023-12-21 05:39:26', '2023-12-21 11:09:26'),
(59, 'Le bain de madame trompette', NULL, '2023-12-21 05:39:26', '2023-12-21 11:09:26'),
(60, 'Le ça', NULL, '2023-12-21 05:39:26', '2023-12-21 11:09:26'),
(61, 'Le crocodile qui avait peur de l’eau', NULL, '2023-12-21 05:39:26', '2023-12-21 11:09:26'),
(62, 'Le jour où j’ai perdu mes supers pouvoirs', NULL, '2023-12-21 05:39:26', '2023-12-21 11:09:26'),
(63, 'Le lapin noir', NULL, '2023-12-21 05:39:26', '2023-12-21 11:09:26'),
(64, 'Le lapin, la nuit et la boîte à biscuits', NULL, '2023-12-21 05:39:26', '2023-12-21 11:09:26'),
(65, 'Le monstre des couleurs', NULL, '2023-12-21 05:39:26', '2023-12-21 11:09:26'),
(66, 'Le monstre des couleurs va à l\'école', NULL, '2023-12-21 05:39:26', '2023-12-21 11:09:26'),
(67, 'Le parapluie jaune', NULL, '2023-12-21 05:39:26', '2023-12-21 11:09:26'),
(68, 'Le parapluie vert', NULL, '2023-12-21 05:39:26', '2023-12-21 11:09:26'),
(69, 'Le petit chaperon rouge', NULL, '2023-12-21 05:39:26', '2023-12-21 11:09:26'),
(70, 'L\'enfant et la baleine', NULL, '2023-12-21 05:39:26', '2023-12-21 11:09:26'),
(71, 'L\'enfant, la baleine et l\'hiver', NULL, '2023-12-21 05:39:26', '2023-12-21 11:09:26'),
(72, 'Les boîtes à mots', NULL, '2023-12-21 05:39:26', '2023-12-21 11:09:26'),
(73, 'Les copains de la colline', NULL, '2023-12-21 05:39:26', '2023-12-21 11:09:26'),
(74, 'Les instruments', NULL, '2023-12-21 05:39:26', '2023-12-21 11:09:26'),
(75, 'Les Pompiers', NULL, '2023-12-21 05:39:26', '2023-12-21 11:09:26'),
(76, 'Les poupées c\'est pour les filles', NULL, '2023-12-21 05:39:26', '2023-12-21 11:09:26'),
(77, 'les trois ours', NULL, '2023-12-21 05:39:26', '2023-12-21 11:09:26'),
(78, 'Les trois pommiers', NULL, '2023-12-21 05:39:26', '2023-12-21 11:09:26'),
(79, 'Lily cherche son chat', NULL, '2023-12-21 05:39:26', '2023-12-21 11:09:26'),
(80, 'Mais qui vit là?', NULL, '2023-12-21 05:39:26', '2023-12-21 11:09:26'),
(81, 'Maman Ours', NULL, '2023-12-21 05:39:26', '2023-12-21 11:09:26'),
(82, 'Marre du rose', NULL, '2023-12-21 05:39:26', '2023-12-21 11:09:26'),
(83, 'Merci le vent', NULL, '2023-12-21 05:39:26', '2023-12-21 11:09:26'),
(84, 'Mon oiseau', NULL, '2023-12-21 05:39:26', '2023-12-21 11:09:26'),
(85, 'Neige, le blanc et les couleurs', NULL, '2023-12-21 05:39:26', '2023-12-21 11:09:26'),
(86, 'Nous ce qu’on préfère', NULL, '2023-12-21 05:39:26', '2023-12-21 11:09:26'),
(87, 'Océano', NULL, '2023-12-21 05:39:26', '2023-12-21 11:09:26'),
(88, 'Où est Mouf ?', NULL, '2023-12-21 05:39:26', '2023-12-21 11:09:26'),
(89, 'Où est Mouf ?', NULL, '2023-12-21 05:39:26', '2023-12-21 11:09:26'),
(90, 'Où êtes-vous', NULL, '2023-12-21 05:39:26', '2023-12-21 11:09:26'),
(91, 'Ouaf, miaou, cui-cui', NULL, '2023-12-21 05:39:26', '2023-12-21 11:09:26'),
(92, 'Ouste ! attention aux ours', NULL, '2023-12-21 05:39:26', '2023-12-21 11:09:26'),
(93, 'Ouvre ce petit livre', NULL, '2023-12-21 05:39:26', '2023-12-21 11:09:26'),
(94, 'Pas touche', NULL, '2023-12-21 05:39:26', '2023-12-21 11:09:26'),
(95, 'Petit oubli', NULL, '2023-12-21 05:39:26', '2023-12-21 11:09:26'),
(96, 'Poisson et chat', NULL, '2023-12-21 05:39:26', '2023-12-21 11:09:26'),
(97, 'Pou-poule !', NULL, '2023-12-21 05:39:26', '2023-12-21 11:09:26'),
(98, 'Pou-poule!', NULL, '2023-12-21 05:39:26', '2023-12-21 11:09:26'),
(99, 'Pour tester le système', NULL, '2023-12-21 05:39:26', '2023-12-21 11:09:26'),
(100, 'Pourquoi ?', NULL, '2023-12-21 05:39:26', '2023-12-21 11:09:26'),
(101, 'Pourquoi ?', NULL, '2023-12-21 05:39:26', '2023-12-21 11:09:26'),
(102, 'Prénom camarade de classe', NULL, '2023-12-21 05:39:26', '2023-12-21 11:09:26'),
(103, 'Prénom camarade de classe (première partie \"Vince\"', NULL, '2023-12-21 05:39:26', '2023-12-21 11:09:26'),
(104, 'Prénom de camarade (fin \"nzo\")', NULL, '2023-12-21 05:39:26', '2023-12-21 11:09:26'),
(105, 'Prénom enseignant', NULL, '2023-12-21 05:39:26', '2023-12-21 11:09:26'),
(106, 'Qu’est-ce que c’est ?', NULL, '2023-12-21 05:39:26', '2023-12-21 11:09:26'),
(107, 'Qu’est-ce que c’est ?', NULL, '2023-12-21 05:39:26', '2023-12-21 11:09:26'),
(108, 'Quatre petits coins de rien du tout', NULL, '2023-12-21 05:39:26', '2023-12-21 11:09:26'),
(109, 'Que caches tu dans ton dos ?', NULL, '2023-12-21 05:39:26', '2023-12-21 11:09:26'),
(110, 'Qu\'est-ce que c\'est ?', NULL, '2023-12-21 05:39:26', '2023-12-21 11:09:26'),
(111, 'Qui, quoi, où ?', NULL, '2023-12-21 05:39:26', '2023-12-21 11:09:26'),
(112, 'Rien qu’une fois', NULL, '2023-12-21 05:39:26', '2023-12-21 11:09:26'),
(113, 'Sophie et sa courge', NULL, '2023-12-21 05:39:26', '2023-12-21 11:09:26'),
(114, 'Sous mon arbre', NULL, '2023-12-21 05:39:26', '2023-12-21 11:09:26'),
(115, 'Splat et la sortie de classe', NULL, '2023-12-21 05:39:26', '2023-12-21 11:09:26'),
(116, 'Sur les genoux de maman', NULL, '2023-12-21 05:39:26', '2023-12-21 11:09:26'),
(117, 'Ta main dans ma main', NULL, '2023-12-21 05:39:26', '2023-12-21 11:09:26'),
(118, 'test', NULL, '2023-12-21 05:39:26', '2023-12-21 11:09:26'),
(119, 'Tous les animaux étaient en colère', NULL, '2023-12-21 05:39:26', '2023-12-21 11:09:26'),
(120, 'Tout ce qu\'il faut pour faire une cabane', NULL, '2023-12-21 05:39:26', '2023-12-21 11:09:26'),
(121, 'Trois petits pois', NULL, '2023-12-21 05:39:26', '2023-12-21 11:09:26'),
(122, 'Trouvinettes', NULL, '2023-12-21 05:39:26', '2023-12-21 11:09:26'),
(123, 'Un livre', NULL, '2023-12-21 05:39:26', '2023-12-21 11:09:26'),
(124, 'Un livre et plus encore', NULL, '2023-12-21 05:39:26', '2023-12-21 11:09:26'),
(125, 'Un peu perdu', NULL, '2023-12-21 05:39:26', '2023-12-21 11:09:26'),
(126, 'Une fourmi pas comme les autres', NULL, '2023-12-21 05:39:26', '2023-12-21 11:09:26'),
(127, 'Une rencontre', NULL, '2023-12-21 05:39:26', '2023-12-21 11:09:26'),
(128, 'Voici un oeuf', NULL, '2023-12-21 05:39:26', '2023-12-21 11:09:26');

-- --------------------------------------------------------

--
-- Table structure for table `failed_jobs`
--

CREATE TABLE `failed_jobs` (
  `id` bigint(20) UNSIGNED NOT NULL,
  `uuid` varchar(255) COLLATE utf8mb4_unicode_ci NOT NULL,
  `connection` text COLLATE utf8mb4_unicode_ci NOT NULL,
  `queue` text COLLATE utf8mb4_unicode_ci NOT NULL,
  `payload` longtext COLLATE utf8mb4_unicode_ci NOT NULL,
  `exception` longtext COLLATE utf8mb4_unicode_ci NOT NULL,
  `failed_at` timestamp NOT NULL DEFAULT CURRENT_TIMESTAMP
) ENGINE=InnoDB DEFAULT CHARSET=utf8mb4 COLLATE=utf8mb4_unicode_ci;

-- --------------------------------------------------------

--
-- Table structure for table `Image`
--

CREATE TABLE `Image` (
  `id` int(11) NOT NULL,
  `images` varchar(1000) NOT NULL,
  `Word_tbl_Id` varchar(55) NOT NULL,
  `updated_at` timestamp NOT NULL DEFAULT CURRENT_TIMESTAMP ON UPDATE CURRENT_TIMESTAMP,
  `created_at` datetime NOT NULL
) ENGINE=InnoDB DEFAULT CHARSET=utf8;

--
-- Dumping data for table `Image`
--

INSERT INTO `Image` (`id`, `images`, `Word_tbl_Id`, `updated_at`, `created_at`) VALUES
(1, '[\"1701696301_62bc921df3c953f042e6a926_gleem-p-800.jpeg\",\"1701696301_62bc9904c11ce7b37ca4a016_aim-p-800.jpeg\"]', '34', '2023-12-04 07:55:01', '2023-12-04 13:25:01'),
(2, '[\"1701697073_62bc921df3c953f042e6a926_gleem-p-800.jpeg\",\"1701697073_62bc9904c11ce7b37ca4a016_aim-p-800.jpeg\"]', '4', '2023-12-04 08:07:53', '2023-12-04 13:37:53'),
(3, '[\"1701697222_62bc921df3c953f042e6a926_gleem-p-800.jpeg\",\"1701697222_62bc9904c11ce7b37ca4a016_aim-p-800.jpeg\",\"1701697222_6531358e5dd676e1fa867c76_Is_Webflow_Open_Source__(1).png\"]', '7', '2023-12-04 08:10:22', '2023-12-04 13:40:22'),
(4, '[\"1701784898_62bc921df3c953f042e6a926_gleem-p-800.jpeg\",\"1701784898_62bc9904c11ce7b37ca4a016_aim-p-800.jpeg\"]', '15', '2023-12-05 08:31:38', '2023-12-05 14:01:38'),
(5, '[\"1701875610_62bc921df3c953f042e6a926_gleem-p-800.jpeg\",\"1701875610_62bc9904c11ce7b37ca4a016_aim-p-800.jpeg\"]', '16', '2023-12-06 09:43:30', '2023-12-06 15:13:30'),
(6, '[\"1701881641_62bc921df3c953f042e6a926_gleem-p-800.jpeg\",\"1701881641_62bc9904c11ce7b37ca4a016_aim-p-800.jpeg\"]', '18', '2023-12-06 11:24:01', '2023-12-06 16:54:01'),
(7, '[\"1701881773_logo_150.png\"]', '19', '2023-12-06 11:26:13', '2023-12-06 16:56:13');

-- --------------------------------------------------------

--
-- Table structure for table `migrations`
--

CREATE TABLE `migrations` (
  `id` int(10) UNSIGNED NOT NULL,
  `migration` varchar(255) COLLATE utf8mb4_unicode_ci NOT NULL,
  `batch` int(11) NOT NULL
) ENGINE=InnoDB DEFAULT CHARSET=utf8mb4 COLLATE=utf8mb4_unicode_ci;

--
-- Dumping data for table `migrations`
--

INSERT INTO `migrations` (`id`, `migration`, `batch`) VALUES
(1, '2014_10_12_000000_create_users_table', 1),
(2, '2014_10_12_100000_create_password_reset_tokens_table', 1),
(3, '2019_08_19_000000_create_failed_jobs_table', 1),
(4, '2019_12_14_000001_create_personal_access_tokens_table', 1),
(5, '2023_12_05_140334_syllables', 2),
(6, '2023_12_05_141139_2023_12_05_140334_syllables', 3),
(7, '2023_12_05_142146_syllables', 4);

-- --------------------------------------------------------

--
-- Table structure for table `password_reset_tokens`
--

CREATE TABLE `password_reset_tokens` (
  `email` varchar(255) COLLATE utf8mb4_unicode_ci NOT NULL,
  `token` varchar(255) COLLATE utf8mb4_unicode_ci NOT NULL,
  `created_at` timestamp NULL DEFAULT NULL
) ENGINE=InnoDB DEFAULT CHARSET=utf8mb4 COLLATE=utf8mb4_unicode_ci;

-- --------------------------------------------------------

--
-- Table structure for table `personal_access_tokens`
--

CREATE TABLE `personal_access_tokens` (
  `id` bigint(20) UNSIGNED NOT NULL,
  `tokenable_type` varchar(255) COLLATE utf8mb4_unicode_ci NOT NULL,
  `tokenable_id` bigint(20) UNSIGNED NOT NULL,
  `name` varchar(255) COLLATE utf8mb4_unicode_ci NOT NULL,
  `token` varchar(64) COLLATE utf8mb4_unicode_ci NOT NULL,
  `abilities` text COLLATE utf8mb4_unicode_ci,
  `last_used_at` timestamp NULL DEFAULT NULL,
  `expires_at` timestamp NULL DEFAULT NULL,
  `created_at` timestamp NULL DEFAULT NULL,
  `updated_at` timestamp NULL DEFAULT NULL
) ENGINE=InnoDB DEFAULT CHARSET=utf8mb4 COLLATE=utf8mb4_unicode_ci;

-- --------------------------------------------------------

--
-- Table structure for table `syllable`
--

CREATE TABLE `syllable` (
  `id` bigint(20) UNSIGNED NOT NULL,
  `syllable` varchar(255) CHARACTER SET utf8mb4 COLLATE utf8mb4_bin NOT NULL,
  `image` varchar(255) CHARACTER SET utf8 NOT NULL,
  `created_at` timestamp NULL DEFAULT NULL,
  `updated_at` timestamp NULL DEFAULT NULL
) ENGINE=InnoDB DEFAULT CHARSET=utf8mb4 COLLATE=utf8mb4_unicode_ci;

--
-- Dumping data for table `syllable`
--

INSERT INTO `syllable` (`id`, `syllable`, `image`, `created_at`, `updated_at`) VALUES
(1, 'pe', '/lpc-images/DSC_0001.JPG', NULL, NULL),
(2, 'de', '/lpc-images/DSC_0001.JPG', NULL, NULL),
(3, 'je', '/lpc-images/DSC_0001.JPG', NULL, NULL),
(4, 'pa', '/lpc-images/DSC_0003.JPG', NULL, NULL),
(5, 'da', '/lpc-images/DSC_0003.JPG', NULL, NULL),
(6, 'ja', '/lpc-images/DSC_0003.JPG', NULL, NULL),
(7, 'peau', '/lpc-images/DSC_0004.JPG', NULL, NULL),
(8, 'deau', '/lpc-images/DSC_0004.JPG', NULL, NULL),
(9, 'jeau', '/lpc-images/DSC_0004.JPG', NULL, NULL),
(10, 'pou', '/lpc-images/DSC_0010.JPG', NULL, NULL),
(11, 'dou', '/lpc-images/DSC_0010.JPG', NULL, NULL),
(12, 'jou', '/lpc-images/DSC_0010.JPG', NULL, NULL),
(13, 'pè', '/lpc-images/DSC_0011.JPG', NULL, NULL),
(14, 'dè', '/lpc-images/DSC_0011.JPG', NULL, NULL),
(15, 'jè', '/lpc-images/DSC_0011.JPG', NULL, NULL),
(16, 'po', '/lpc-images/DSC_0012.JPG', NULL, NULL),
(17, 'do', '/lpc-images/DSC_0012.JPG', NULL, NULL),
(18, 'jo', '/lpc-images/DSC_0012.JPG', NULL, NULL),
(19, 'pun', '/lpc-images/DSC_0013.JPG', NULL, NULL),
(20, 'dun', '/lpc-images/DSC_0013.JPG', NULL, NULL),
(21, 'jun', '/lpc-images/DSC_0013.JPG', NULL, NULL),
(22, 'pé', '/lpc-images/DSC_0014.JPG', NULL, NULL),
(23, 'dé', '/lpc-images/DSC_0014.JPG', NULL, NULL),
(24, 'jé', '/lpc-images/DSC_0014.JPG', NULL, NULL),
(25, 'pu', '/lpc-images/DSC_0015.JPG', NULL, NULL),
(26, 'du', '/lpc-images/DSC_0015.JPG', NULL, NULL),
(27, 'ju', '/lpc-images/DSC_0015.JPG', NULL, NULL),
(28, 'ye', '/lpc-images/DSC_0021.JPG', NULL, NULL),
(29, 'yi', '/lpc-images/dsc_0158.jpg', NULL, NULL),
(30, 'yon', '/lpc-images/dsc_0159.jpg', NULL, NULL),
(31, 'you', '/lpc-images/DSC_0031.JPG', NULL, NULL),
(32, 'yè', '/lpc-images/DSC_0032.JPG', NULL, NULL),
(33, 'yo', '/lpc-images/DSC_0033.JPG', NULL, NULL),
(34, 'yun', '/lpc-images/DSC_0035.JPG', NULL, NULL),
(35, 'yé', '/lpc-images/DSC_0036.JPG', NULL, NULL),
(36, 'yu', '/lpc-images/DSC_0037.JPG', NULL, NULL),
(37, 'ki', '/lpc-images/DSC_0047.JPG', NULL, NULL),
(38, 'vi', '/lpc-images/DSC_0047.JPG', NULL, NULL),
(39, 'zi', '/lpc-images/DSC_0047.JPG', NULL, NULL),
(40, 'kon', '/lpc-images/DSC_0048.JPG', NULL, NULL),
(41, 'von', '/lpc-images/DSC_0048.JPG', NULL, NULL),
(42, 'zon', '/lpc-images/DSC_0048.JPG', NULL, NULL),
(43, 'kou', '/lpc-images/DSC_0050.JPG', NULL, NULL),
(44, 'vou', '/lpc-images/DSC_0050.JPG', NULL, NULL),
(45, 'zou', '/lpc-images/DSC_0050.JPG', NULL, NULL),
(46, 'kè', '/lpc-images/DSC_0051.JPG', NULL, NULL),
(47, 'vè', '/lpc-images/DSC_0051.JPG', NULL, NULL),
(48, 'zè', '/lpc-images/DSC_0051.JPG', NULL, NULL),
(49, 'ko', '/lpc-images/DSC_0052.JPG', NULL, NULL),
(50, 'vo', '/lpc-images/DSC_0052.JPG', NULL, NULL),
(51, 'zo', '/lpc-images/DSC_0052.JPG', NULL, NULL),
(52, 'kun', '/lpc-images/DSC_0053.JPG', NULL, NULL),
(53, 'vun', '/lpc-images/DSC_0053.JPG', NULL, NULL),
(54, 'zun', '/lpc-images/DSC_0053.JPG', NULL, NULL),
(55, 'ku', '/lpc-images/DSC_0054.JPG', NULL, NULL),
(56, 'vu', '/lpc-images/DSC_0054.JPG', NULL, NULL),
(57, 'zu', '/lpc-images/DSC_0054.JPG', NULL, NULL),
(58, 'ké', '/lpc-images/DSC_0055.JPG', NULL, NULL),
(59, 'vé', '/lpc-images/DSC_0055.JPG', NULL, NULL),
(60, 'zé', '/lpc-images/DSC_0055.JPG', NULL, NULL),
(61, 're', '/lpc-images/DSC_0058.JPG', NULL, NULL),
(62, 'se', '/lpc-images/DSC_0058.JPG', NULL, NULL),
(63, 'ra', '/lpc-images/DSC_0059.JPG', NULL, NULL),
(64, 'sa', '/lpc-images/DSC_0059.JPG', NULL, NULL),
(65, 'rou', '/lpc-images/DSC_0066.JPG', NULL, NULL),
(66, 'sou', '/lpc-images/DSC_0066.JPG', NULL, NULL),
(67, 'rè', '/lpc-images/DSC_0067.JPG', NULL, NULL),
(68, 'sè', '/lpc-images/DSC_0067.JPG', NULL, NULL),
(69, 'ro', '/lpc-images/DSC_0068.JPG', NULL, NULL),
(70, 'so', '/lpc-images/DSC_0068.JPG', NULL, NULL),
(71, 'run', '/lpc-images/DSC_0069.JPG', NULL, NULL),
(72, 'sun', '/lpc-images/DSC_0069.JPG', NULL, NULL),
(73, 'ru', '/lpc-images/DSC_0070.JPG', NULL, NULL),
(74, 'su', '/lpc-images/DSC_0070.JPG', NULL, NULL),
(75, 'ré', '/lpc-images/DSC_0071.JPG', NULL, NULL),
(76, 'sé', '/lpc-images/DSC_0071.JPG', NULL, NULL),
(77, 'n', '/lpc-images/DSC_0073.JPG', NULL, NULL),
(78, 'be', '/lpc-images/DSC_0075.JPG', NULL, NULL),
(79, 'ne', '/lpc-images/DSC_0075.JPG', NULL, NULL),
(80, 'ba', '/lpc-images/DSC_0076.JPG', NULL, NULL),
(81, 'na', '/lpc-images/DSC_0076.JPG', NULL, NULL),
(82, 'beu', '/lpc-images/DSC_0078.JPG', NULL, NULL),
(83, 'neu', '/lpc-images/DSC_0078.JPG', NULL, NULL),
(84, 'ban', '/lpc-images/DSC_0080.JPG', NULL, NULL),
(85, 'nan', '/lpc-images/DSC_0080.JPG', NULL, NULL),
(86, 'bi', '/lpc-images/DSC_0081.JPG', NULL, NULL),
(87, 'ni', '/lpc-images/DSC_0081.JPG', NULL, NULL),
(88, 'ui', '/lpc-images/DSC_0081.JPG', NULL, NULL),
(89, 'bon', '/lpc-images/DSC_0082.JPG', NULL, NULL),
(90, 'non', '/lpc-images/DSC_0082.JPG', NULL, NULL),
(91, 'bou', '/lpc-images/DSC_0083.JPG', NULL, NULL),
(92, 'nou', '/lpc-images/DSC_0083.JPG', NULL, NULL),
(93, 'bè', '/lpc-images/DSC_0084.JPG', NULL, NULL),
(94, 'nè', '/lpc-images/DSC_0084.JPG', NULL, NULL),
(95, 'uè', '/lpc-images/DSC_0084.JPG', NULL, NULL),
(96, 'bo', '/lpc-images/DSC_0085.JPG', NULL, NULL),
(97, 'no', '/lpc-images/DSC_0085.JPG', NULL, NULL),
(98, 'bun', '/lpc-images/DSC_0086.JPG', NULL, NULL),
(99, 'nun', '/lpc-images/DSC_0086.JPG', NULL, NULL),
(100, 'bé', '/lpc-images/DSC_0087.JPG', NULL, NULL),
(101, 'né', '/lpc-images/DSC_0087.JPG', NULL, NULL),
(102, 'bu', '/lpc-images/DSC_0088.JPG', NULL, NULL),
(103, 'nu', '/lpc-images/DSC_0088.JPG', NULL, NULL),
(104, 't', '/lpc-images/DSC_0090.JPG', NULL, NULL),
(105, 'gou', '/lpc-images/DSC_0118.JPG', NULL, NULL),
(106, 'guè', '/lpc-images/DSC_0119.JPG', NULL, NULL),
(107, 'go', '/lpc-images/DSC_0120.JPG', NULL, NULL),
(108, 'gu', '/lpc-images/DSC_0121.JPG', NULL, NULL),
(109, 'gué', '/lpc-images/DSC_0122.JPG', NULL, NULL),
(110, 'l', '/lpc-images/DSC_0124.JPG', NULL, NULL),
(111, 'ch', '/lpc-images/DSC_0125.JPG', NULL, NULL),
(112, 'w', '/lpc-images/DSC_0127.JPG', NULL, NULL),
(113, 'a', '/lpc-images/DSC_0142.JPG', NULL, NULL),
(114, 'e', '/lpc-images/DSC_0143.JPG', NULL, NULL),
(115, 'eau', '/lpc-images/DSC_0144.JPG', NULL, NULL),
(116, 'eu', '/lpc-images/DSC_0145.JPG', NULL, NULL),
(117, 'i', '/lpc-images/DSC_0147.JPG', NULL, NULL),
(118, 'on', '/lpc-images/DSC_0148.JPG', NULL, NULL),
(119, 'an', '/lpc-images/DSC_0149.JPG', NULL, NULL),
(120, 'ou', '/lpc-images/DSC_0150.JPG', NULL, NULL),
(121, 'è', '/lpc-images/DSC_0151.JPG', NULL, NULL),
(122, 'o', '/lpc-images/DSC_0152.JPG', NULL, NULL),
(123, 'un', '/lpc-images/DSC_0153.JPG', NULL, NULL),
(124, 'é', '/lpc-images/DSC_0154.JPG', NULL, NULL),
(125, 'u', '/lpc-images/DSC_0155.JPG', NULL, NULL),
(126, 'd', '/lpc-images/DSC_0156.JPG', NULL, NULL),
(127, 'yan', '/lpc-images/DSC_0157.JPG', NULL, NULL),
(128, 'kan', '/lpc-images/DSC_0160.JPG', NULL, NULL),
(129, 'van', '/lpc-images/DSC_0160.JPG', NULL, NULL),
(130, 'zan', '/lpc-images/DSC_0160.JPG', NULL, NULL),
(131, 'reau', '/lpc-images/DSC_0161.JPG', NULL, NULL),
(132, 'seau', '/lpc-images/DSC_0161.JPG', NULL, NULL),
(133, 'reu', '/lpc-images/DSC_0162.JPG', NULL, NULL),
(134, 'seu', '/lpc-images/DSC_0162.JPG', NULL, NULL),
(135, 'rin', '/lpc-images/DSC_0163.JPG', NULL, NULL),
(136, 'sin', '/lpc-images/DSC_0163.JPG', NULL, NULL),
(137, 'bin', '/lpc-images/DSC_0165.JPG', NULL, NULL),
(138, 'nin', '/lpc-images/DSC_0165.JPG', NULL, NULL),
(139, 'f', '/lpc-images/DSC_0167.JPG', NULL, NULL),
(140, 'm', '/lpc-images/DSC_0168.JPG', NULL, NULL),
(141, 'min', '/lpc-images/DSC_0169.JPG', NULL, NULL),
(142, 'tin', '/lpc-images/DSC_0169.JPG', NULL, NULL),
(143, 'fin', '/lpc-images/DSC_0169.JPG', NULL, NULL),
(144, 'meu', '/lpc-images/DSC_0170.JPG', NULL, NULL),
(145, 'teu', '/lpc-images/DSC_0170.JPG', NULL, NULL),
(146, 'feu', '/lpc-images/DSC_0170.JPG', NULL, NULL),
(147, 'le', '/lpc-images/DSC_0172.JPG', NULL, NULL),
(148, 'che', '/lpc-images/DSC_0172.JPG', NULL, NULL),
(149, 'gne', '/lpc-images/DSC_0172.JPG', NULL, NULL),
(150, 'la', '/lpc-images/DSC_0173.JPG', NULL, NULL),
(151, 'cha', '/lpc-images/DSC_0173.JPG', NULL, NULL),
(152, 'gna', '/lpc-images/DSC_0173.JPG', NULL, NULL),
(153, 'wa', '/lpc-images/DSC_0173.JPG', NULL, NULL),
(154, 'leau', '/lpc-images/DSC_0174.JPG', NULL, NULL),
(155, 'cheau', '/lpc-images/DSC_0174.JPG', NULL, NULL),
(156, 'gneau', '/lpc-images/DSC_0174.JPG', NULL, NULL),
(157, 'weau', '/lpc-images/DSC_0174.JPG', NULL, NULL),
(158, 'leu', '/lpc-images/DSC_0175.JPG', NULL, NULL),
(159, 'cheu', '/lpc-images/DSC_0175.JPG', NULL, NULL),
(160, 'gneu', '/lpc-images/DSC_0175.JPG', NULL, NULL),
(161, 'weu', '/lpc-images/DSC_0175.JPG', NULL, NULL),
(162, 'lin', '/lpc-images/DSC_0176.JPG', NULL, NULL),
(163, 'chin', '/lpc-images/DSC_0176.JPG', NULL, NULL),
(164, 'gnin', '/lpc-images/DSC_0176.JPG', NULL, NULL),
(165, 'win', '/lpc-images/DSC_0176.JPG', NULL, NULL),
(166, 'lan', '/lpc-images/DSC_0177.JPG', NULL, NULL),
(167, 'chan', '/lpc-images/DSC_0177.JPG', NULL, NULL),
(168, 'gnan', '/lpc-images/DSC_0177.JPG', NULL, NULL),
(169, 'wan', '/lpc-images/DSC_0177.JPG', NULL, NULL),
(170, 'li', '/lpc-images/DSC_0178.JPG', NULL, NULL),
(171, 'chi', '/lpc-images/DSC_0178.JPG', NULL, NULL),
(172, 'gni', '/lpc-images/DSC_0178.JPG', NULL, NULL),
(173, 'lon', '/lpc-images/DSC_0179.JPG', NULL, NULL),
(174, 'chon', '/lpc-images/DSC_0179.JPG', NULL, NULL),
(175, 'gnon', '/lpc-images/DSC_0179.JPG', NULL, NULL),
(176, 'won', '/lpc-images/DSC_0179.JPG', NULL, NULL),
(177, 'lou', '/lpc-images/DSC_0180.JPG', NULL, NULL),
(178, 'chou', '/lpc-images/DSC_0180.JPG', NULL, NULL),
(179, 'gnou', '/lpc-images/DSC_0180.JPG', NULL, NULL),
(180, 'wou', '/lpc-images/DSC_0180.JPG', NULL, NULL),
(181, 'lè', '/lpc-images/DSC_0181.JPG', NULL, NULL),
(182, 'chè', '/lpc-images/DSC_0181.JPG', NULL, NULL),
(183, 'gnè', '/lpc-images/DSC_0181.JPG', NULL, NULL),
(184, 'wè', '/lpc-images/DSC_0181.JPG', NULL, NULL),
(185, 'lo', '/lpc-images/DSC_0182.JPG', NULL, NULL),
(186, 'cho', '/lpc-images/DSC_0182.JPG', NULL, NULL),
(187, 'gno', '/lpc-images/DSC_0182.JPG', NULL, NULL),
(188, 'wo', '/lpc-images/DSC_0182.JPG', NULL, NULL),
(189, 'lun', '/lpc-images/DSC_0183.JPG', NULL, NULL),
(190, 'chun', '/lpc-images/DSC_0183.JPG', NULL, NULL),
(191, 'gnun', '/lpc-images/DSC_0183.JPG', NULL, NULL),
(192, 'wun', '/lpc-images/DSC_0183.JPG', NULL, NULL),
(193, 'lé', '/lpc-images/DSC_0184.JPG', NULL, NULL),
(194, 'ché', '/lpc-images/DSC_0184.JPG', NULL, NULL),
(195, 'gné', '/lpc-images/DSC_0184.JPG', NULL, NULL),
(196, 'wé', '/lpc-images/DSC_0184.JPG', NULL, NULL),
(197, 'lu', '/lpc-images/DSC_0185.JPG', NULL, NULL),
(198, 'chu', '/lpc-images/DSC_0185.JPG', NULL, NULL),
(199, 'gnu', '/lpc-images/DSC_0185.JPG', NULL, NULL),
(200, 'wu', '/lpc-images/DSC_0185.JPG', NULL, NULL),
(201, 'p', '/lpc-images/DSC_0186.JPG', NULL, NULL),
(202, 'j', '/lpc-images/DSC_0187.JPG', NULL, NULL),
(203, 'ya', '/lpc-images/DSC_0189.JPG', NULL, NULL),
(204, 'yeau', '/lpc-images/DSC_0190.JPG', NULL, NULL),
(205, 'y', '/lpc-images/DSC_0191.JPG', NULL, NULL),
(206, 'yeu', '/lpc-images/DSC_0192.JPG', NULL, NULL),
(207, 'yin', '/lpc-images/DSC_0193.JPG', NULL, NULL),
(208, 'ma', '/lpc-images/DSC_0194.JPG', NULL, NULL),
(209, 'ta', '/lpc-images/DSC_0194.JPG', NULL, NULL),
(210, 'fa', '/lpc-images/DSC_0194.JPG', NULL, NULL),
(211, 'me', '/lpc-images/DSC_0195.JPG', NULL, NULL),
(212, 'te', '/lpc-images/DSC_0195.JPG', NULL, NULL),
(213, 'fe', '/lpc-images/DSC_0195.JPG', NULL, NULL),
(214, 'meau', '/lpc-images/DSC_0196.JPG', NULL, NULL),
(215, 'teau', '/lpc-images/DSC_0196.JPG', NULL, NULL),
(216, 'feau', '/lpc-images/DSC_0196.JPG', NULL, NULL),
(217, 'mou', '/lpc-images/DSC_0202.JPG', NULL, NULL),
(218, 'tou', '/lpc-images/DSC_0202.JPG', NULL, NULL),
(219, 'fou', '/lpc-images/DSC_0202.JPG', NULL, NULL),
(220, 'mè', '/lpc-images/DSC_0203.JPG', NULL, NULL),
(221, 'tè', '/lpc-images/DSC_0203.JPG', NULL, NULL),
(222, 'fè', '/lpc-images/DSC_0203.JPG', NULL, NULL),
(223, 'mo', '/lpc-images/DSC_0204.JPG', NULL, NULL),
(224, 'to', '/lpc-images/DSC_0204.JPG', NULL, NULL),
(225, 'fo', '/lpc-images/DSC_0204.JPG', NULL, NULL),
(226, 'mun', '/lpc-images/DSC_0205.JPG', NULL, NULL),
(227, 'tun', '/lpc-images/DSC_0205.JPG', NULL, NULL),
(228, 'fun', '/lpc-images/DSC_0205.JPG', NULL, NULL),
(229, 'mé', '/lpc-images/DSC_0206.JPG', NULL, NULL),
(230, 'té', '/lpc-images/DSC_0206.JPG', NULL, NULL),
(231, 'fé', '/lpc-images/DSC_0206.JPG', NULL, NULL),
(232, 'mu', '/lpc-images/DSC_0207.JPG', NULL, NULL),
(233, 'tu', '/lpc-images/DSC_0207.JPG', NULL, NULL),
(234, 'fu', '/lpc-images/DSC_0207.JPG', NULL, NULL),
(235, 'k', '/lpc-images/DSC_0208.JPG', NULL, NULL),
(236, 'v', '/lpc-images/DSC_0209.JPG', NULL, NULL),
(237, 'z', '/lpc-images/DSC_0210.JPG', NULL, NULL),
(238, 'ke', '/lpc-images/DSC_0211.JPG', NULL, NULL),
(239, 've', '/lpc-images/DSC_0211.JPG', NULL, NULL),
(240, 'se', '/lpc-images/DSC_0211.JPG', NULL, NULL),
(241, 'ka', '/lpc-images/DSC_0212.JPG', NULL, NULL),
(242, 'va', '/lpc-images/DSC_0212.JPG', NULL, NULL),
(243, 'keau', '/lpc-images/DSC_0213.JPG', NULL, NULL),
(244, 'veau', '/lpc-images/DSC_0213.JPG', NULL, NULL),
(245, 'zeau', '/lpc-images/DSC_0213.JPG', NULL, NULL),
(246, 'keu', '/lpc-images/DSC_0214.JPG', NULL, NULL),
(247, 'veu', '/lpc-images/DSC_0214.JPG', NULL, NULL),
(248, 'zeu', '/lpc-images/DSC_0214.JPG', NULL, NULL),
(249, 'kin', '/lpc-images/DSC_0215.JPG', NULL, NULL),
(250, 'vin', '/lpc-images/DSC_0215.JPG', NULL, NULL),
(251, 'zin', '/lpc-images/DSC_0215.JPG', NULL, NULL),
(252, 'r', '/lpc-images/DSC_0221.JPG', NULL, NULL),
(253, 's', '/lpc-images/DSC_0222.JPG', NULL, NULL),
(254, 'ue', '/lpc-images/DSC_0224.JPG', NULL, NULL),
(255, 'b', '/lpc-images/DSC_0225.JPG', NULL, NULL),
(256, 'beau', '/lpc-images/DSC_0227.JPG', NULL, NULL),
(257, 'neau', '/lpc-images/DSC_0227.JPG', NULL, NULL),
(258, 'g', '/lpc-images/DSC_0231.JPG', NULL, NULL),
(259, 'gue', '/lpc-images/DSC_0232.JPG', NULL, NULL),
(260, 'ga', '/lpc-images/DSC_0233.JPG', NULL, NULL),
(261, 'gueau', '/lpc-images/DSC_0234.JPG', NULL, NULL),
(262, 'gueu', '/lpc-images/DSC_0235.JPG', NULL, NULL),
(263, 'guin', '/lpc-images/DSC_0236.JPG', NULL, NULL),
(264, 'gan', '/lpc-images/DSC_0237.JPG', NULL, NULL),
(265, 'gui', '/lpc-images/DSC_0238.JPG', NULL, NULL),
(266, 'gon', '/lpc-images/DSC_0239.JPG', NULL, NULL),
(267, 'peu', '/lpc-images/DSC_0240.JPG', NULL, NULL),
(268, 'deu', '/lpc-images/DSC_0240.JPG', NULL, NULL),
(269, 'jeu', '/lpc-images/DSC_0240.JPG', NULL, NULL),
(270, 'pin', '/lpc-images/DSC_0241.JPG', NULL, NULL),
(271, 'din', '/lpc-images/DSC_0241.JPG', NULL, NULL),
(272, 'jin', '/lpc-images/DSC_0241.JPG', NULL, NULL),
(273, 'pan', '/lpc-images/DSC_0242.JPG', NULL, NULL),
(274, 'dan', '/lpc-images/DSC_0242.JPG', NULL, NULL),
(275, 'jan', '/lpc-images/DSC_0242.JPG', NULL, NULL),
(276, 'pi', '/lpc-images/DSC_0243.JPG', NULL, NULL),
(277, 'di', '/lpc-images/DSC_0243.JPG', NULL, NULL),
(278, 'ji', '/lpc-images/DSC_0243.JPG', NULL, NULL),
(279, 'pon', '/lpc-images/DSC_0244.JPG', NULL, NULL),
(280, 'don', '/lpc-images/DSC_0244.JPG', NULL, NULL),
(281, 'jon', '/lpc-images/DSC_0244.JPG', NULL, NULL),
(282, 'ran', '/lpc-images/DSC_0246.JPG', NULL, NULL),
(283, 'san', '/lpc-images/DSC_0246.JPG', NULL, NULL),
(284, 'ri', '/lpc-images/DSC_0247.JPG', NULL, NULL),
(285, 'si', '/lpc-images/DSC_0247.JPG', NULL, NULL),
(286, 'ron', '/lpc-images/DSC_0248.JPG', NULL, NULL),
(287, 'son', '/lpc-images/DSC_0248.JPG', NULL, NULL),
(288, 'mi', '/lpc-images/DSC_0249.JPG', NULL, NULL),
(289, 'ti', '/lpc-images/DSC_0249.JPG', NULL, NULL),
(290, 'fi', '/lpc-images/DSC_0249.JPG', NULL, NULL),
(291, 'man', '/lpc-images/DSC_0250.JPG', NULL, NULL),
(292, 'tan', '/lpc-images/DSC_0250.JPG', NULL, NULL),
(293, 'fan', '/lpc-images/DSC_0250.JPG', NULL, NULL),
(294, 'mon', '/lpc-images/DSC_0251.JPG', NULL, NULL),
(295, 'ton', '/lpc-images/DSC_0251.JPG', NULL, NULL),
(296, 'fon', '/lpc-images/DSC_0251.JPG', NULL, NULL),
(297, 'wi', '/lpc-images/dsc_0176.jpg', NULL, NULL);

-- --------------------------------------------------------

--
-- Table structure for table `users`
--

CREATE TABLE `users` (
  `id` bigint(20) UNSIGNED NOT NULL,
  `user_type` int(1) NOT NULL DEFAULT '2',
  `name` varchar(255) COLLATE utf8mb4_unicode_ci NOT NULL,
  `email` varchar(255) COLLATE utf8mb4_unicode_ci NOT NULL,
  `email_verified_at` timestamp NULL DEFAULT NULL,
  `password` varchar(255) COLLATE utf8mb4_unicode_ci NOT NULL,
  `remember_token` varchar(100) COLLATE utf8mb4_unicode_ci DEFAULT NULL,
  `created_at` timestamp NULL DEFAULT NULL,
  `updated_at` timestamp NULL DEFAULT NULL
) ENGINE=InnoDB DEFAULT CHARSET=utf8mb4 COLLATE=utf8mb4_unicode_ci;

--
-- Dumping data for table `users`
--

INSERT INTO `users` (`id`, `user_type`, `name`, `email`, `email_verified_at`, `password`, `remember_token`, `created_at`, `updated_at`) VALUES
(1, 1, 'admin', 'admin@admin.com', NULL, '$2y$12$.DOFJeux2qIftLX1Kbc6FuhyZaGFjcrpfccOQ.foF10mMtWjOSbwW', NULL, '2023-12-09 09:17:06', '2023-12-09 09:17:06'),
(2, 2, 'Qasim', 'qasimmohamad551@gmail.com', NULL, '$2y$12$5L7v7HBb3dBR5M/XHUS0m.hDiNqLnKcDfV/IKeKB.RcnYJgwDM6Ja', 'RB5CuGwIPl408h7IZ9TZRJA8F2EZnOJ6US1X0hvXYMbNWfeSiRoOvSLYX9zj', '2023-12-02 05:34:24', '2023-12-02 05:34:24');

-- --------------------------------------------------------

--
-- Table structure for table `Word_tbl`
--

CREATE TABLE `Word_tbl` (
  `id` int(11) NOT NULL,
  `word` varchar(55) NOT NULL,
  `word_type` varchar(20) NOT NULL,
  `determinant` varchar(20) DEFAULT NULL,
  `Syllab` varchar(300) DEFAULT NULL,
  `BookCategory` varchar(300) DEFAULT NULL,
  `Illustration` varchar(300) DEFAULT NULL,
  `Language` varchar(20) NOT NULL,
  `level` varchar(20) DEFAULT NULL,
  `lsf_images_paths` varchar(500) DEFAULT NULL,
  `updated_at` timestamp NOT NULL DEFAULT CURRENT_TIMESTAMP ON UPDATE CURRENT_TIMESTAMP,
  `created_at` timestamp NULL DEFAULT NULL
) ENGINE=InnoDB DEFAULT CHARSET=utf8;

--
-- Dumping data for table `Word_tbl`
--

INSERT INTO `Word_tbl` (`id`, `word`, `word_type`, `determinant`, `Syllab`, `BookCategory`, `Illustration`, `Language`, `level`, `lsf_images_paths`, `updated_at`, `created_at`) VALUES
(1, 'Abeille', 'f', 'L\'', 'a,bè,y', 'Frisson l’écureuil', '/cards-illustrations/Abeille.svg', 'lpc', '1H', '', '2023-12-21 05:46:44', NULL),
(2, 'Aider', 'v', '', 'è,dé', 'Lily cherche son chat', '/cards-illustrations/aider_0.svg', 'lpc', NULL, '', '2023-12-21 05:36:25', NULL),
(3, 'Aigle', 'm', 'L\'', '', 'Au Galop!', '/cards-illustrations/Aigle.svg', 'lsf', NULL, '/lsf-images/Aigle - 0461.jpg', '2023-12-21 05:36:25', NULL),
(4, 'Aile', 'f', 'L\'', 'è,l', 'Voici un oeuf', '/cards-illustrations/Aile.svg', 'lpc', NULL, '', '2023-12-21 05:36:25', NULL),
(5, 'Ailes', 'f', 'Les', '', 'Voici un oeuf', '/cards-illustrations/Aile.svg', 'lsf', NULL, '/lsf-images/Ailes N°1 - 0501.jpg|/lsf-images/ailes_ndeg2_-_0502.jpg', '2023-12-21 05:36:25', NULL),
(6, 'Aimer', 'v', '', 'è,mé', 'Nous ce qu’on préfère', '/cards-illustrations/Aimer.svg', 'lpc', NULL, '', '2023-12-21 05:36:25', NULL),
(7, 'Aimer', 'v', '', '', 'Le petit chaperon rouge', '/cards-illustrations/Aimer.svg', 'lsf', NULL, '/lsf-images/Aimer N°1 - 0505.jpg|/lsf-images/aimer_ndeg2_-_0506.jpg', '2023-12-21 05:36:25', NULL),
(8, 'aimer', 'v', '', 'è,mé', 'Crocolou aime les livres', '', 'lpc', NULL, '', '2023-12-21 05:36:25', NULL),
(9, 'Aller', 'v', '', '', 'Pou-poule !', '/cards-illustrations/Aller.svg', 'lsf', NULL, '/lsf-images/Aller N°1 - 0276.jpg|/lsf-images/aller_ndeg2_-_0275.jpg', '2023-12-21 05:36:25', NULL),
(10, 'Ami', 'm', 'L\'', 'a,mi', 'Dangereux', '/cards-illustrations/Ami.svg', 'lpc', NULL, '', '2023-12-21 05:36:25', NULL),
(11, 'Ami', 'm', 'L\'', 'a,mi', 'Dis-moi ?', '/cards-illustrations/Ami.svg', 'lpc', NULL, '', '2023-12-21 05:36:25', NULL),
(12, 'ami', 'm', 'L\'', 'a,mi', 'Un livre et plus encore', '/cards-illustrations/ami.svg', 'lpc', NULL, '', '2023-12-21 05:36:25', NULL),
(13, 'Amoureux', 'a', '', '', 'Pou-poule !', '/cards-illustrations/Amoureux.svg', 'lsf', NULL, '/lsf-images/Amoureux - 0435.jpg', '2023-12-21 05:36:25', NULL),
(14, 'Animaux', 'm', 'Les', 'a,ni,meau', 'Tous les animaux étaient en colère', '/cards-illustrations/Animaux.svg', 'lpc', NULL, '', '2023-12-21 05:36:25', NULL),
(15, 'Animaux', 'm', 'Les', '', 'Tous les animaux étaient en colère', '/cards-illustrations/Animaux.svg', 'lsf', NULL, '/lsf-images/Animaux - 0195.jpg', '2023-12-21 05:36:25', NULL),
(16, 'animaux', 'm', 'Les', 'a,ni,meau', 'Où êtes-vous', '/cards-illustrations/animaux.svg', 'lpc', NULL, '', '2023-12-21 05:36:25', NULL),
(17, 'Anniversaire', 'm', 'L\'', '', 'La tournée du facteur Souris', '/cards-illustrations/Anniversaire.svg', 'lsf', NULL, '/lsf-images/Anniversaire N°1-0146.jpg|/lsf-images/anniversaire_ndeg2-0148.jpg', '2023-12-21 05:36:25', NULL),
(18, 'Apporter', 'v', '', '', 'Les trois pommiers', '/cards-illustrations/Apporter.svg', 'lsf', NULL, '/lsf-images/Apporter N°1 - 0587.jpg|/lsf-images/apporter_ndeg2_-_0588.jpg', '2023-12-21 05:36:25', NULL),
(19, 'Araignée', 'f', 'L\'', '', 'Ephémère', '/cards-illustrations/Araignee.svg', 'lsf', NULL, '/lsf-images/Araignee N°1 - 0244.jpg|/lsf-images/araignee_ndeg2_-_0245.jpg', '2023-12-21 05:36:25', NULL),
(20, 'Arbre', 'm', 'L\'', 'a,r,b,r', 'Frisson l’écureuil', '/cards-illustrations/Arbre.svg', 'lpc', NULL, '', '2023-12-21 05:36:25', NULL),
(21, 'Arbre', 'm', 'L\'', '', 'Le lapin noir', '/cards-illustrations/Arbre.svg', 'lsf', NULL, '/lsf-images/Arbre - 0454.jpg', '2023-12-21 05:36:25', NULL),
(22, 'Arbre', 'm', 'L\'', '', 'Les trois pommiers', '/cards-illustrations/Arbre.svg', 'lsf', NULL, '/lsf-images/Arbre - 0454.jpg', '2023-12-21 05:36:25', NULL),
(23, 'arbre', 'm', 'L\'', 'a,r,b,re', 'Grand loup petit loup', '/cards-illustrations/arbre.svg', 'lpc', NULL, '', '2023-12-21 05:36:25', NULL),
(24, 'arbre', 'm', 'L\'', 'a,r,b,re', 'Sous mon arbre', '/cards-illustrations/arbre_0.svg', 'lpc', NULL, '', '2023-12-21 05:36:25', NULL),
(25, 'arbre', 'm', 'L\'', 'a,r,b,re', 'Coincé', '/cards-illustrations/arbre_1.svg', 'lpc', NULL, '', '2023-12-21 05:36:25', NULL),
(26, 'arbre', 'm', 'L\'', 'a,r,b,re', 'Tout ce qu\'il faut pour faire une cabane', '/cards-illustrations/arbre_2.svg', 'lpc', NULL, '', '2023-12-21 05:36:25', NULL),
(27, 'Armoire', 'f', 'L\'', '', 'Où est Mouf ?', '/cards-illustrations/Armoire.svg', 'lsf', NULL, '/lsf-images/Armoire N°1 - 0419.jpg|/lsf-images/armoire_ndeg2_-_0420.jpg', '2023-12-21 05:36:25', NULL),
(28, 'Assis', 'a', '', 'a,si', 'Le jour où j’ai perdu mes supers pouvoirs', '/cards-illustrations/Assis.svg', 'lpc', NULL, '', '2023-12-21 05:36:25', NULL),
(29, 'Atchoum', 'a', '', '', 'Atchoum', '/cards-illustrations/Atchoum.svg', 'lsf', NULL, '/lsf-images/atchoum_ndeg2_-_0543.jpg', '2023-12-21 05:36:25', NULL),
(30, 'attend', 'v', '', 'a,tan', 'Drôle d\'oeuf', '', 'lpc', NULL, '', '2023-12-21 05:36:25', NULL),
(31, 'Attendu', 'a', '', 'a,tan,du', 'Hier je t’ai…', '/cards-illustrations/Attendu.svg', 'lpc', NULL, '', '2023-12-21 05:36:25', NULL),
(32, 'Attention', 'a', '', '', 'La tarte aux fées', '/cards-illustrations/Attention.svg', 'lsf', NULL, '/lsf-images/Attention N°1 - 0160.jpg|/lsf-images/attention_ndeg2-0161.jpg', '2023-12-21 05:36:25', NULL),
(33, 'Attention', 'a', '', '', 'Et si je mangeais ma soupe?', '/cards-illustrations/Attention.svg', 'lsf', NULL, '/lsf-images/Attention N°1 - 0160.jpg|/lsf-images/attention_ndeg2-0161_0.jpg', '2023-12-21 05:36:25', NULL),
(34, 'Au galop !', 'a', '', '', 'Au Galop!', '/cards-illustrations/Au galop.svg', 'lsf', NULL, '/lsf-images/Au galop ! N°1 - 0467.jpg|/lsf-images/au_galop_ndeg2_-_0468.jpg', '2023-12-21 05:36:25', NULL),
(35, 'Aussi', 'a', '', '', 'Sur les genoux de maman', '/cards-illustrations/Aussi.svg', 'lsf', NULL, '/lsf-images/Aussi - 0444.jpg|/lsf-images/aussi_-_0444.jpg', '2023-12-21 05:36:25', NULL),
(36, 'automne', 'm', 'L\'', 'eau,to,ne', 'Bientôt l\'hiver', '', 'lpc', NULL, '', '2023-12-21 05:36:25', NULL),
(37, 'Avaler', 'v', '', '', 'Ephémère', '/cards-illustrations/Avaler.svg', 'lsf', NULL, '/lsf-images/Avaler N°1 - 0242.jpg|/lsf-images/avaler_ndeg2_-_243.jpg', '2023-12-21 05:36:25', NULL),
(38, 'Avant', 'a', '', 'a,van', 'Sur les genoux de maman', '/cards-illustrations/Avant.svg', 'lpc', NULL, '', '2023-12-21 05:36:25', NULL),
(39, 'Baie', 'f', 'La', 'bè', 'Neige, le blanc et les couleurs', '/cards-illustrations/Baie.svg', 'lpc', NULL, '', '2023-12-21 05:36:25', NULL),
(40, 'Bain', 'm', 'Le', 'bin', 'Le bain de madame trompette', '/cards-illustrations/Bain.svg', 'lpc', NULL, '', '2023-12-21 05:36:25', NULL),
(41, 'Bain', 'm', 'Le', 'bin', 'Avec moi c\'est comme ça', '/cards-illustrations/Bain.svg', 'lpc', NULL, '', '2023-12-21 05:36:25', NULL),
(42, 'Bain', 'm', 'Le', '', 'Le bain de madame trompette', '/cards-illustrations/Bain.svg', 'lsf', NULL, '/lsf-images/Bain - 0014.jpg', '2023-12-21 05:36:25', NULL),
(43, 'bain', 'm', 'Le', 'bin', 'le bain de Berk', '/cards-illustrations/bain.svg', 'lpc', NULL, '', '2023-12-21 05:36:25', NULL),
(44, 'Balancer', 'v', '', 'ba,lan,sé', 'Sur les genoux de maman', '/cards-illustrations/Balancer.svg', 'lpc', NULL, '', '2023-12-21 05:36:25', NULL),
(45, 'Baleine', 'f', 'La', '', 'Bloup bloup bloup', '/cards-illustrations/Baleine.svg', 'lsf', NULL, '/lsf-images/Baleine N°1 - 0488.jpg|/lsf-images/baleine_ndeg2_-_0489.jpg', '2023-12-21 05:36:25', NULL),
(46, 'baleine', 'f', 'La', 'ba,lè,ne', 'L\'enfant et la baleine', '', 'lpc', NULL, '', '2023-12-21 05:36:25', NULL),
(47, 'Ballon', 'm', 'Le', 'ba,lon', 'Qu’est-ce que c’est ?', '/cards-illustrations/Ballon.svg', 'lpc', NULL, '', '2023-12-21 05:36:25', NULL),
(48, 'Banane', 'f', 'La', 'ba,na,n', 'Que caches tu dans ton dos ?', '/cards-illustrations/Banane.svg', 'lpc', NULL, '', '2023-12-21 05:36:25', NULL),
(49, 'Banquise', 'f', 'La', 'ban,ki,z', '1,2,3 banquise', '/cards-illustrations/Banquise.svg', 'lpc', NULL, '', '2023-12-21 05:36:25', NULL),
(50, 'Bataille', 'f', 'La', '', 'Ecoute les bruits du château', '/cards-illustrations/Bataille.svg', 'lsf', NULL, '/lsf-images/Bataille - 0527.jpg', '2023-12-21 05:36:25', NULL),
(51, 'Bateau', 'm', 'Le', 'ba,teau', 'Les Pompiers', '/cards-illustrations/Bateau.svg', 'lpc', NULL, '', '2023-12-21 05:36:25', NULL),
(52, 'Bâteau', 'm', 'Le', 'ba,teau', 'Océano', '/cards-illustrations/Bateau.svg', 'lpc', NULL, '', '2023-12-21 05:36:25', NULL),
(53, 'bateau', 'm', 'Le', 'ba,teau', 'L\'enfant, la baleine et l\'hiver', '', 'lpc', NULL, '', '2023-12-21 05:36:25', NULL),
(54, 'Batterie', 'f', 'La', '', 'Les instruments', '/cards-illustrations/Batterie.svg', 'lsf', NULL, '/lsf-images/Batterie N°1 - 0514.jpg|/lsf-images/batterie_ndeg2_-_0515.jpg', '2023-12-21 05:36:25', NULL),
(55, 'Beau', 'a', '', 'beau', 'Beau bon', '', 'lpc', NULL, '', '2023-12-21 05:36:25', NULL),
(56, 'Bébé', 'm', 'Le', 'bé,bé', 'Le bain de madame trompette', '/cards-illustrations/Bebe.svg', 'lpc', NULL, '', '2023-12-21 05:36:25', NULL),
(57, 'Bébé', 'm', 'Le', 'bé,bé', 'Un peu perdu', '/cards-illustrations/Bebe.svg', 'lpc', NULL, '', '2023-12-21 05:36:25', NULL),
(58, 'Bébé', 'm', 'Le', '', 'Le bain de madame trompette', '/cards-illustrations/Bebe.svg', 'lsf', NULL, '/lsf-images/Bebe N°1 - 0592.jpg|/lsf-images/bebe_ndeg2_-_0593.jpg', '2023-12-21 05:36:25', NULL),
(59, 'Bébé', 'm', 'Le', '', 'Un peu perdu', '/cards-illustrations/Bebe.svg', 'lsf', NULL, '/lsf-images/Bebe N°1 - 0592.jpg|/lsf-images/bebe_ndeg2_-_0593_0.jpg', '2023-12-21 05:36:25', NULL),
(60, 'Belle', 'a', '', 'bè,l', 'Pou-poule !', '/cards-illustrations/Belle.svg', 'lpc', NULL, '', '2023-12-21 05:36:25', NULL),
(61, 'Bien', 'a', '', '', 'Nous ce qu’on préfère', '/cards-illustrations/Bien.svg', 'lsf', NULL, '/lsf-images/Bien - 0507.jpg', '2023-12-21 05:36:25', NULL),
(62, 'Bille', 'f', 'La', '', 'Dans la cour de l’école', '/cards-illustrations/Billes.svg', 'lsf', NULL, '/lsf-images/Bille N°1 - 337.jpg|/lsf-images/bille_ndeg2_-_0339.jpg', '2023-12-21 05:36:25', NULL),
(63, 'biscuit', 'm', 'Le ', 'bi,s,k,ui', 'Le lapin, la nuit et la boîte à biscuits', '', 'lpc', NULL, '', '2023-12-21 05:36:25', NULL),
(64, 'Bisou', 'm', 'Le', 'bi,zou', 'La provision de bisous de Zou', '/cards-illustrations/Bisou.svg', 'lpc', NULL, '', '2023-12-21 05:36:25', NULL),
(65, 'Bisou', 'm', 'Le', 'bi,zou', 'Petit oubli', '/cards-illustrations/Bisou.svg', 'lpc', NULL, '', '2023-12-21 05:36:25', NULL),
(66, 'Bisou (donné)', 'm', 'Le', '', 'Pourquoi ?', '/cards-illustrations/Bisou.svg', 'lsf', NULL, '/lsf-images/bisou_ndeg1_donne_-_0472.jpg|/lsf-images/bisou_ndeg2_donne_-_0473_0.jpg', '2023-12-21 05:36:25', NULL),
(67, 'Bisou (donné)', 'm', 'Le', '', 'La provision de bisous de Zou', '/cards-illustrations/Bisou.svg', 'lsf', NULL, '/lsf-images/bisou_ndeg1_donne_-_0472_0.jpg|/lsf-images/bisou_ndeg2_donne_-_0473.jpg', '2023-12-21 05:36:25', NULL),
(68, 'Bisou (reçu)', 'm', 'Le', '', 'Pourquoi ?', '/cards-illustrations/Bisou.svg', 'lsf', NULL, '/lsf-images/bisou_ndeg1_recu_-_0474.jpg|/lsf-images/bisou_ndeg2_recu_-_0475_0.jpg', '2023-12-21 05:36:25', NULL),
(69, 'Bisou (reçu)', 'm', 'Le', '', 'La provision de bisous de Zou', '/cards-illustrations/Bisou.svg', 'lsf', NULL, '/lsf-images/bisou_ndeg1_recu_-_0474_0.jpg|/lsf-images/bisou_ndeg2_recu_-_0475.jpg', '2023-12-21 05:36:25', NULL),
(70, 'Bizarre', 'a', '', '', 'Les poupées c\'est pour les filles', '/cards-illustrations/Bizarre.svg', 'lsf', NULL, '/lsf-images/Bizarre N° 1 - 0573.jpg|/lsf-images/bizarre_ndeg_2_-_0574.jpg', '2023-12-21 05:36:25', NULL),
(71, 'blanche', 'a', '', 'b,lan,che', 'Blanche Neige', '/cards-illustrations/blanche.svg', 'lpc', NULL, '', '2023-12-21 05:36:25', NULL),
(72, 'blé', 'm', 'Le', 'b,lé', 'Beau bon', '/cards-illustrations/ble.svg', 'lpc', NULL, '', '2023-12-21 05:36:25', NULL),
(73, 'Bleu', 'a', '', 'b,leu', 'Couleurs', '/cards-illustrations/Bleu.svg', 'lpc', NULL, '', '2023-12-21 05:36:25', NULL),
(74, 'Bleu', 'a', '', 'b,leu', 'Océano', '/cards-illustrations/Bleu.svg', 'lpc', NULL, '', '2023-12-21 05:36:25', NULL),
(75, 'Bleu', 'a', '', 'b,leu', 'Un livre', '/cards-illustrations/Bleu.svg', 'lpc', NULL, '', '2023-12-21 05:36:25', NULL),
(76, 'Bleu', 'a', '', '', 'Océano', '/cards-illustrations/Bleu.svg', 'lsf', NULL, '/lsf-images/Bleu N°1 - 0235.jpg|/lsf-images/bleu_ndeg2_-_0236.jpg', '2023-12-21 05:36:25', NULL),
(77, 'Boîte', 'f', 'La', '', 'Grosse colère', '/cards-illustrations/Boite.svg', 'lsf', NULL, '/lsf-images/Boite N°1 - 0492.jpg|/lsf-images/boite_ndeg2_-_0493.jpg', '2023-12-21 05:36:25', NULL),
(78, 'Boîte', 'f', 'La', '', '31 Boîtes', '/cards-illustrations/Boite.svg', 'lsf', NULL, '/lsf-images/Boite N°1 - 0492.jpg|/lsf-images/boite_ndeg2_-_0493_0.jpg', '2023-12-21 05:36:25', NULL),
(79, 'Boîte', 'f', 'La', 'b,wa,te', 'Le lapin, la nuit et la boîte à biscuits', '', 'lpc', NULL, '', '2023-12-21 05:36:25', NULL),
(80, 'boîte', 'f', 'La', 'b,wa,te', 'Le lapin, la nuit et la boîte à biscuits', '/cards-illustrations/boite_0.svg', 'lpc', NULL, '', '2023-12-21 05:36:25', NULL),
(81, 'boîte', 'f', 'La', 'b,wa,te', 'Les boîtes à mots', '', 'lpc', NULL, '', '2023-12-21 05:36:25', NULL),
(82, 'Bon', 'a', '', 'bon', 'Beau bon', '', 'lpc', NULL, '', '2023-12-21 05:36:25', NULL),
(83, 'Bon appétit', 'a', '', '', 'Bon appétit! Monsieur Lapin', '/cards-illustrations/Bon appetit.svg', 'lsf', NULL, '/lsf-images/Bon appetit - 0267.jpg', '2023-12-21 05:36:25', NULL),
(84, 'Bonbon', 'm', 'Le', '', '31 Boîtes', '/cards-illustrations/Bonbon.svg', 'lsf', NULL, '/lsf-images/Bonbon - 0579.jpg', '2023-12-21 05:36:25', NULL),
(85, 'Bouche', 'f', 'La', 'bou,ch', 'La provision de bisous de Zou', '/cards-illustrations/Bouche.svg', 'lpc', NULL, '', '2023-12-21 05:36:25', NULL),
(86, 'Bouche', 'f', 'La', 'bou,ch', 'Pourquoi ?', '/cards-illustrations/Bouche.svg', 'lpc', NULL, '', '2023-12-21 05:36:25', NULL),
(87, 'Bouder (A)', 'v', '', '', 'La colère du dragon', '/cards-illustrations/Bouder.svg', 'lsf', NULL, '/lsf-images/Bouder (A) - 0134.jpg', '2023-12-21 05:36:25', NULL),
(88, 'Bouder (B)', 'v', '', '', 'La colère du dragon', '/cards-illustrations/Bouder.svg', 'lsf', NULL, '/lsf-images/Bouder (B) - 0136.jpg', '2023-12-21 05:36:25', NULL),
(89, 'Bouée', 'f', 'La', 'bou,é', 'Bloup bloup bloup', '/cards-illustrations/Bouee.svg', 'lpc', NULL, '', '2023-12-21 05:36:25', NULL),
(90, 'Bouée', 'f', 'La', '', 'Bloup bloup bloup', '/cards-illustrations/Bouee.svg', 'lsf', NULL, '/lsf-images/Bouee N°1 - 0480.jpg|/lsf-images/bouee_ndeg2_-_0481.jpg', '2023-12-21 05:36:25', NULL),
(91, 'Bouton', 'm', 'Le', 'bou,ton', '31 Boîtes', '/cards-illustrations/Bouton.svg', 'lpc', NULL, '', '2023-12-21 05:36:25', NULL),
(92, 'Briller', 'v', '', '', 'Ta main dans ma main', '/cards-illustrations/Briller.svg', 'lsf', NULL, '/lsf-images/Briller - 0264.jpg', '2023-12-21 05:36:25', NULL),
(93, 'Brosse', 'f', 'La', '', 'C’est dingue !', '/cards-illustrations/Brosse.svg', 'lsf', NULL, '', '2023-12-21 05:36:25', NULL),
(94, 'Bruit', 'm', 'Le', '', 'Igor et Natacha', '/cards-illustrations/Bruit.svg', 'lsf', NULL, '/lsf-images/Bruit N°1 - 0294.jpg|/lsf-images/bruit_ndeg2_-_0295.jpg', '2023-12-21 05:36:25', NULL),
(95, 'Bruit', 'm', 'Le', '', 'Ecoute les bruits du château', '/cards-illustrations/Bruit.svg', 'lsf', NULL, '/lsf-images/Bruit N°1 - 0294.jpg|/lsf-images/bruit_ndeg2_-_0295_0.jpg', '2023-12-21 05:36:25', NULL),
(96, 'Bûche', 'f', 'La', 'bu,ch', 'La moufle', '/cards-illustrations/Buche.svg', 'lpc', NULL, '', '2023-12-21 05:36:25', NULL),
(97, 'Ça', 'a', '', 'sa', 'Le ça', '/cards-illustrations/ca_0.svg', 'lpc', NULL, '', '2023-12-21 05:36:25', NULL),
(98, 'Ça', 'a', '', '', 'Le ça', '/cards-illustrations/ca.svg', 'lsf', NULL, '/lsf-images/Ca N°1 - 0296.jpg|/lsf-images/ca_ndeg2_-_0297.jpg', '2023-12-21 05:36:25', NULL),
(99, 'cabane', 'f', 'La', 'ka,ba,ne', 'Crocolou aime les livres', '', 'lpc', NULL, '', '2023-12-21 05:36:25', NULL),
(100, 'cabane', 'f', 'La ', 'ka,ba,ne', 'Tout ce qu\'il faut pour faire une cabane', '/cards-illustrations/cabane.svg', 'lpc', NULL, '', '2023-12-21 05:36:25', NULL),
(101, 'cabane', 'f', 'La', 'ka,ba,ne', 'Tout ce qu\'il faut pour faire une cabane', '', 'lpc', NULL, '', '2023-12-21 05:36:25', NULL),
(102, 'Cache-cache', 'a', '', 'ka,che,ka,che', 'Où êtes-vous', '/cards-illustrations/cache-cache.svg', 'lpc', NULL, '', '2023-12-21 05:36:25', NULL),
(103, 'Cacher', 'v', '', 'ka,ché', 'Que caches tu dans ton dos ?', '/cards-illustrations/Cacher.svg', 'lpc', NULL, '', '2023-12-21 05:36:25', NULL),
(104, 'Cacher', 'v', '', 'ka,ché', 'Le monstre des couleurs', '/cards-illustrations/Cacher.svg', 'lpc', NULL, '', '2023-12-21 05:36:25', NULL),
(105, 'Cacher (objet)', 'v', '', '', 'Qui, quoi, où ?', '/cards-illustrations/Cacher.svg', 'lsf', NULL, '/lsf-images/Cacher N°1 (objet) - 0321.jpg|/lsf-images/cacher_ndeg2_objet_-_0322.jpg', '2023-12-21 05:36:25', NULL),
(106, 'Cacher (personne)', 'v', '', '', 'Le petit chaperon rouge', '/cards-illustrations/Cacher (se).svg', 'lsf', NULL, '/lsf-images/Cacher (personne) - 0323.jpg', '2023-12-21 05:36:25', NULL),
(107, 'cachette', 'f', 'La', 'ka,chè,te', 'Tout ce qu\'il faut pour faire une cabane', '', 'lpc', NULL, '', '2023-12-21 05:36:25', NULL),
(108, 'Cadeau', 'm', 'Le', 'ka,deau', 'Igor et Natacha', '/cards-illustrations/Cadeau.svg', 'lpc', NULL, '', '2023-12-21 05:36:25', NULL),
(109, 'Cadeau', 'm', 'Le', 'ka,deau', 'Les poupées c\'est pour les filles', '/cards-illustrations/Cadeau.svg', 'lpc', NULL, '', '2023-12-21 05:36:25', NULL),
(110, 'Cadeau', 'm', 'Le', '', 'Igor et Natacha', '/cards-illustrations/Cadeau.svg', 'lsf', NULL, '/lsf-images/Cadeau N°1 - 0571.jpg|/lsf-images/cadeau_ndeg2_-_0572.jpg', '2023-12-21 05:36:25', NULL),
(111, 'Cadeau', 'm', 'Le', '', 'Les poupées c\'est pour les filles', '/cards-illustrations/Cadeau.svg', 'lsf', NULL, '/lsf-images/Cadeau N°1 - 0571.jpg|/lsf-images/cadeau_ndeg2_-_0572_0.jpg', '2023-12-21 05:36:25', NULL),
(112, 'Cage', 'f', 'La', 'ka,j', 'Igor et Natacha', '/cards-illustrations/Cage.svg', 'lpc', NULL, '', '2023-12-21 05:36:25', NULL),
(113, 'Cage', 'f', 'La', 'ka,j', 'Ouaf, miaou, cui-cui', '/cards-illustrations/Cage.svg', 'lpc', NULL, '', '2023-12-21 05:36:25', NULL),
(114, 'Cage', 'f', 'La', '', 'Igor et Natacha', '/cards-illustrations/Cage.svg', 'lsf', NULL, '/lsf-images/Cage N°1 - 0260.jpg|/lsf-images/cage_ndeg2_-_0261.jpg', '2023-12-21 05:36:25', NULL),
(115, 'Cage', 'f', 'La', '', 'Ouaf, miaou, cui-cui', '/cards-illustrations/Cage.svg', 'lsf', NULL, '/lsf-images/Cage N°1 - 0260.jpg|/lsf-images/cage_ndeg2_-_0261_0.jpg', '2023-12-21 05:36:25', NULL),
(116, 'Calin', 'm', 'Le', 'ka,lin', 'Petit oubli', '/cards-illustrations/Calin.svg', 'lpc', NULL, '', '2023-12-21 05:36:25', NULL),
(117, 'Calme', 'a', '', 'ka,l,me', 'Sous mon arbre', '/cards-illustrations/calme.svg', 'lpc', NULL, '', '2023-12-21 05:36:25', NULL),
(118, 'canard', 'm', 'le', 'ka,na,r', 'Drôle d\'oeuf', '', 'lpc', NULL, '', '2023-12-21 05:36:25', NULL),
(119, 'Carotte', 'f', 'La', 'ka,ro,t', 'Bon appétit! Monsieur Lapin', '/cards-illustrations/Carotte.svg', 'lpc', NULL, '', '2023-12-21 05:36:25', NULL),
(120, 'Carotte', 'f', 'La', 'ka,ro,t', 'Le lapin noir', '/cards-illustrations/Carotte.svg', 'lpc', NULL, '', '2023-12-21 05:36:25', NULL),
(121, 'Carotte', 'f', 'La', '', 'Bon appétit! Monsieur Lapin', '/cards-illustrations/Carotte.svg', 'lsf', NULL, '/lsf-images/Carotte N°1 - 0413.jpg|/lsf-images/carotte_ndeg2_-_0414.jpg', '2023-12-21 05:36:25', NULL),
(122, 'Carotte', 'f', 'La', '', 'Nous ce qu’on préfère', '/cards-illustrations/Carotte.svg', 'lsf', NULL, '/lsf-images/Carotte N°1 - 0413.jpg|/lsf-images/carotte_ndeg2_-_0414_0.jpg', '2023-12-21 05:36:25', NULL),
(123, 'Carré', 'a', '', 'ka,ré', 'Quatre petits coins de rien du tout', '/cards-illustrations/Carre.svg', 'lpc', NULL, '', '2023-12-21 05:36:25', NULL),
(124, 'Carré', 'm', 'Le', '', 'Quatre petits coins de rien du tout', '/cards-illustrations/Carre.svg', 'lsf', NULL, '/lsf-images/Carre - 0214.jpg', '2023-12-21 05:36:25', NULL),
(125, 'Chaise', 'f', 'La', 'chè,z', 'Qu’est-ce que c’est ?', '/cards-illustrations/Chaise.svg', 'lpc', NULL, '', '2023-12-21 05:36:25', NULL),
(126, 'Chaise', 'f', 'La', '', 'Qu’est-ce que c’est ?', '/cards-illustrations/Chaise.svg', 'lsf', NULL, '/lsf-images/Chaise N°1 - 0405.jpg|/lsf-images/chaise_ndeg2_-_0406.jpg', '2023-12-21 05:36:25', NULL),
(127, 'Chambre', 'f', 'La', 'chan,b,r', 'Grosse colère', '/cards-illustrations/Chambre.svg', 'lpc', NULL, '', '2023-12-21 05:36:25', NULL),
(128, 'Chambre', 'f', 'La', '', 'Grosse colère', '/cards-illustrations/Chambre.svg', 'lsf', NULL, '/lsf-images/Chambre - 0490.jpg', '2023-12-21 05:36:25', NULL),
(129, 'Changer', 'v', '', '', 'Frisson l’écureuil', '/cards-illustrations/Changer.svg', 'lsf', NULL, '/lsf-images/Changer N°1 - 0027.jpg', '2023-12-21 05:36:25', NULL),
(130, 'chanter (entendant)', 'v', '', '', 'Mon oiseau', '', 'lsf', NULL, '', '2023-12-21 05:36:25', NULL),
(131, 'Chanter (entendants)', 'v', '', '', 'Petit oubli', '/cards-illustrations/Chanter.svg', 'lsf', NULL, '/lsf-images/Chanter (entendants) - 0090.jpg', '2023-12-21 05:36:25', NULL),
(132, 'Chanter (sourds)', 'v', '', '', 'Petit oubli', '/cards-illustrations/Chanter.svg', 'lsf', NULL, '/lsf-images/Chanter (sourds) - 0097.jpg', '2023-12-21 05:36:25', NULL),
(133, 'Chapeau', 'm', 'Le', 'cha,peau', 'C’est dingue !', '/cards-illustrations/Chapeau.svg', 'lpc', NULL, '', '2023-12-21 05:36:25', NULL),
(134, 'Chapeau', 'm', 'Le', 'cha,peau', 'Il était plusieurs fois une forêt', '/cards-illustrations/Chapeau.svg', 'lpc', NULL, '', '2023-12-21 05:36:25', NULL),
(135, 'Chapeau', 'm', 'Le', '', 'C’est dingue !', '/cards-illustrations/Chapeau.svg', 'lsf', NULL, '/lsf-images/Chapeau 0202.jpg', '2023-12-21 05:36:25', NULL),
(136, 'Chapeau', 'm', 'Le', '', 'Il était plusieurs fois une forêt', '/cards-illustrations/Chapeau.svg', 'lsf', NULL, '/lsf-images/Chapeau 0202.jpg', '2023-12-21 05:36:25', NULL),
(137, 'Chasser', 'v', '', 'cha,sé', 'Et pourquoi?', '', 'lpc', NULL, '', '2023-12-21 05:36:25', NULL),
(138, 'Chat', 'm', 'Le', 'cha', 'Au Galop!', '/cards-illustrations/Chat.svg', 'lpc', NULL, '', '2023-12-21 05:36:25', NULL),
(139, 'Chat', 'm', 'Le', 'cha', 'Ouaf, miaou, cui-cui', '/cards-illustrations/Chat.svg', 'lpc', NULL, '', '2023-12-21 05:36:25', NULL),
(140, 'Chat', 'm', 'Le', 'cha', 'Poisson et chat', '/cards-illustrations/Chat.svg', 'lpc', NULL, '', '2023-12-21 05:36:25', NULL),
(141, 'Chat', 'm', 'Le', '', 'Poisson et chat', '/cards-illustrations/Chat.svg', 'lsf', NULL, '/lsf-images/Chat N°1-0049.jpg|/lsf-images/chat_ndeg2-0050.jpg', '2023-12-21 05:36:25', NULL),
(142, 'Chat', 'm', 'Le', '', 'Ouaf, miaou, cui-cui', '/cards-illustrations/Chat.svg', 'lsf', NULL, '/lsf-images/Chat N°1-0049.jpg|/lsf-images/chat_ndeg2-0050_0.jpg', '2023-12-21 05:36:25', NULL),
(143, 'chat', 'm', 'le', 'cha', 'chats', '', 'lpc', NULL, '', '2023-12-21 05:36:25', NULL),
(144, 'chat', 'm', 'Le ', 'cha', 'Splat et la sortie de classe', '/cards-illustrations/chat_1.svg', 'lpc', NULL, '', '2023-12-21 05:36:25', NULL),
(145, 'chat', 'm', 'Le ', 'cha', 'Lily cherche son chat', '/cards-illustrations/chat_0.svg', 'lpc', NULL, '', '2023-12-21 05:36:25', NULL),
(146, 'Chateau', 'm', 'Le', '', 'Ecoute les bruits du château', '/cards-illustrations/Chateau.svg', 'lsf', NULL, '/lsf-images/Chateau - 0523.jpg', '2023-12-21 05:36:25', NULL),
(147, 'Château', 'm', 'Le', 'cha,teau', 'Ecoute les bruits du château', '/cards-illustrations/Chateau.svg', 'lpc', NULL, '', '2023-12-21 05:36:25', NULL),
(148, 'Chatouiller', 'v', '', '', 'Dis papa est-ce que les dinosaures sont morts ?', '/cards-illustrations/Chatouiller.svg', 'lsf', NULL, '/lsf-images/Chatouiller 0061.jpg', '2023-12-21 05:36:25', NULL),
(149, 'Chaud', 'a', '', 'cheau', 'Bloup bloup bloup', '/cards-illustrations/Chaud.svg', 'lpc', NULL, '', '2023-12-21 05:36:25', NULL),
(150, 'Chaud', 'a', '', 'cheau', 'La moufle', '/cards-illustrations/Chaud.svg', 'lpc', NULL, '', '2023-12-21 05:36:25', NULL),
(151, 'Chaud', 'a', '', '', 'La moufle', '/cards-illustrations/Chaud.svg', 'lsf', NULL, '/lsf-images/Chaud N°1 - 0311.jpg|/lsf-images/chaud_ndeg2_-_0312.jpg', '2023-12-21 05:36:25', NULL),
(152, 'Chaud (temps)', 'a', '', '', 'La moufle', '/cards-illustrations/Chaud.svg', 'lsf', NULL, '/lsf-images/Chaud (temps) N°1 - 0313.jpg|/lsf-images/chaud_temps_ndeg2_-_0314.jpg', '2023-12-21 05:36:25', NULL),
(153, 'chercher', 'v', '', 'chè,r,ché', 'Lily cherche son chat', '/cards-illustrations/chercher.svg', 'lpc', NULL, '', '2023-12-21 05:36:25', NULL),
(154, 'Chercher', 'v', '', 'chè,r,ché', 'Lily cherche son chat', '/cards-illustrations/chercher_0.svg', 'lpc', NULL, '', '2023-12-21 05:36:25', NULL),
(155, 'Cheval', 'm', 'Le', '', 'Au Galop!', '/cards-illustrations/Cheval.svg', 'lsf', NULL, '/lsf-images/Cheval - 0458.jpg', '2023-12-21 05:36:25', NULL),
(156, 'Cheval', 'm', 'Le', '', 'Ecoute les bruits du cirque', '/cards-illustrations/Cheval.svg', 'lsf', NULL, '/lsf-images/Cheval - 0458.jpg', '2023-12-21 05:36:25', NULL),
(157, 'Chien', 'm', 'Le', 'ch,yin', 'Au Galop!', '/cards-illustrations/Chien.svg', 'lpc', NULL, '', '2023-12-21 05:36:25', NULL),
(158, 'Chien', 'm', 'Le', '', 'Ouaf, miaou, cui-cui', '/cards-illustrations/Chien.svg', 'lsf', NULL, '/lsf-images/Chien - 0253.jpg', '2023-12-21 05:36:25', NULL),
(159, 'Chiffon', 'm', 'Le', 'chi,fon', 'Les poupées c\'est pour les filles', '/cards-illustrations/Chiffon.svg', 'lpc', NULL, '', '2023-12-21 05:36:25', NULL),
(160, 'Chimpanzé', 'm', 'Le', '', 'Au Galop!', '/cards-illustrations/Chimpanze.svg', 'lsf', NULL, '/lsf-images/Chimpanze - 0463.jpg', '2023-12-21 05:36:25', NULL),
(161, 'Chimpanzé (version 2)', 'm', 'Le', '', 'Au Galop!', '/cards-illustrations/Chimpanze.svg', 'lsf', NULL, '/lsf-images/Chimpanze (version 2) - 0464.jpg', '2023-12-21 05:36:25', NULL),
(162, 'Chose', 'f', 'La', 'cheau,z', 'Grosse colère', '/cards-illustrations/Chose.svg', 'lpc', NULL, '', '2023-12-21 05:36:25', NULL),
(163, 'Chut', 'a', '', 'chu,t', 'Chut ! on a un plan', '/cards-illustrations/Chut.svg', 'lpc', NULL, '', '2023-12-21 05:36:25', NULL),
(164, 'Chut', 'a', '', 'chu,t', 'Où est Mouf ?', '/cards-illustrations/Chut.svg', 'lpc', NULL, '', '2023-12-21 05:36:25', NULL),
(165, 'Chut', 'a', '', '', 'Où est Mouf ?', '/cards-illustrations/Chut.svg', 'lsf', NULL, '/lsf-images/Chut - 0072.jpg', '2023-12-21 05:36:25', NULL),
(166, 'Clarinette', 'f', 'La', '', 'Les instruments', '/cards-illustrations/Clarinette.svg', 'lsf', NULL, '/lsf-images/Clarinette - 0520.jpg', '2023-12-21 05:36:25', NULL),
(167, 'classes', 'm', 'Les', 'lé,k,la,s', '(pour \"les classes grammaticales\")', '', 'lpc', NULL, '', '2023-12-21 05:36:25', NULL),
(168, 'Clin d\'œil', 'm', 'Le', '', 'Dis papa est-ce que les dinosaures sont morts ?', '/cards-illustrations/Clin d\'oeil.svg', 'lsf', NULL, '/lsf-images/Clin d\'oeil N°1-0055.jpg|/lsf-images/clin_doeil_ndeg2-0056.jpg', '2023-12-21 05:36:25', NULL),
(169, 'Clown', 'm', 'Le', '', 'Ecoute les bruits du cirque', '/cards-illustrations/Clown.svg', 'lsf', NULL, '/lsf-images/clown_-_0541.jpg', '2023-12-21 05:36:25', NULL),
(170, 'Coccinelle', 'f', 'La', '', 'Ouvre ce petit livre', '/cards-illustrations/Clown.svg', 'lsf', NULL, '/lsf-images/Coccinelle N°1 - 0387.jpg|/lsf-images/coccinelle_ndeg2_-0388.jpg', '2023-12-21 05:36:25', NULL),
(171, 'Cochon', 'm', 'Le', 'ko,chon', 'Bon appétit! Monsieur Lapin', '/cards-illustrations/Cochon.svg', 'lpc', NULL, '', '2023-12-21 05:36:25', NULL),
(172, 'Coin', 'm', 'Le', 'k,win', 'Quatre petits coins de rien du tout', '/cards-illustrations/Coin.svg', 'lpc', NULL, '', '2023-12-21 05:36:25', NULL),
(173, 'Coin', 'm', 'Le', '', 'Quatre petits coins de rien du tout', '/cards-illustrations/Coin.svg', 'lsf', NULL, '/lsf-images/Coin - 0213.jpg', '2023-12-21 05:36:25', NULL),
(174, 'Coincé', 'a', '', 'k,win,sé', 'Coincé', '/cards-illustrations/coincer.svg', 'lpc', NULL, '', '2023-12-21 05:36:25', NULL),
(175, 'Colère', 'f', 'La', 'ko,lè,r', 'Grosse colère', '/cards-illustrations/Colere (en).svg', 'lpc', NULL, '', '2023-12-21 05:36:25', NULL),
(176, 'Colère', 'f', 'La', 'ko,lè,r', 'La colère du dragon', '/cards-illustrations/colere_en_0.svg', 'lpc', NULL, '', '2023-12-21 05:36:25', NULL),
(177, 'Colère', 'f', 'La', 'ko,lè,r', 'Le monstre des couleurs', '/cards-illustrations/colere_en.svg', 'lpc', NULL, '', '2023-12-21 05:36:25', NULL),
(178, 'Colère', 'f', 'La', '', 'La colère du dragon', '/cards-illustrations/Colere (en).svg', 'lsf', NULL, '/lsf-images/Colere - 0328.jpg', '2023-12-21 05:36:25', NULL),
(179, 'Colère', 'f', 'La', '', 'Le monstre des couleurs', '/cards-illustrations/Colere (en).svg', 'lsf', NULL, '/lsf-images/Colere - 0328.jpg', '2023-12-21 05:36:25', NULL),
(180, 'Colère', 'f', 'La', '', 'Grosse colère', '/cards-illustrations/Colere (en).svg', 'lsf', NULL, '/lsf-images/Colere - 0328.jpg', '2023-12-21 05:36:25', NULL),
(181, 'Colère', 'f', 'La', '', 'Couleurs', '/cards-illustrations/Colere (en).svg', 'lsf', NULL, '/lsf-images/Colere - 0328.jpg', '2023-12-21 05:36:25', NULL),
(182, 'Colère', 'f', 'La', '', 'La colère du dragon', '/cards-illustrations/Colere (en).svg', 'lsf', NULL, '/lsf-images/Colere N°1 - 0130.jpg|/lsf-images/colere_ndeg2_-_0131.jpg', '2023-12-21 05:36:25', NULL),
(183, 'Colère', 'f', 'La', '', 'Le monstre des couleurs', '/cards-illustrations/Colere (en).svg', 'lsf', NULL, '/lsf-images/Colere N°1 - 0130.jpg|/lsf-images/colere_ndeg2_-_0131_0.jpg', '2023-12-21 05:36:25', NULL),
(184, 'Colère', 'f', 'La', '', 'Grosse colère', '/cards-illustrations/Colere (en).svg', 'lsf', NULL, '/lsf-images/Colere N°1 - 0130.jpg|/lsf-images/colere_ndeg2_-_0131_1.jpg', '2023-12-21 05:36:25', NULL),
(185, 'Colère', 'f', 'La', '', 'Couleurs', '/cards-illustrations/Colere (en).svg', 'lsf', NULL, '/lsf-images/Colere N°1 - 0130.jpg|/lsf-images/colere_ndeg2_-_0131_2.jpg', '2023-12-21 05:36:25', NULL),
(186, 'Colis', 'm', 'Le', 'ko,li', 'La tournée du facteur Souris', '/cards-illustrations/Colis.svg', 'lpc', NULL, '', '2023-12-21 05:36:25', NULL),
(187, 'Colle', 'f', 'La', 'ko,l', 'Dangereux', '/cards-illustrations/Colle.svg', 'lpc', NULL, '', '2023-12-21 05:36:25', NULL),
(188, 'Consoler', 'v', '', '', 'Hier je t’ai…', '/cards-illustrations/Consoler.svg', 'lsf', NULL, '', '2023-12-21 05:36:25', NULL),
(189, 'Consoler', 'v', '', '', 'Ouste ! attention aux ours', '/cards-illustrations/Consoler.svg', 'lsf', NULL, '', '2023-12-21 05:36:25', NULL),
(190, 'content', 'a', '', 'kon,tan', 'Aujourd\'hui je suis...', '', 'lpc', NULL, '', '2023-12-21 05:36:25', NULL),
(191, 'copain', 'm', 'Le', 'ko,pin', 'Les copains de la colline', '', 'lpc', NULL, '', '2023-12-21 05:36:25', NULL),
(192, 'Coq', 'm', 'Le', 'ko,k', 'Au Galop!', '/cards-illustrations/Coq.svg', 'lpc', NULL, '', '2023-12-21 05:36:25', NULL),
(193, 'Coq', 'm', 'Le', 'ko,k', 'Pou-poule !', '/cards-illustrations/Coq.svg', 'lpc', NULL, '', '2023-12-21 05:36:25', NULL),
(194, 'Cou', 'm', 'Le', 'kou', 'Voici un oeuf', '/cards-illustrations/Cou.svg', 'lpc', NULL, '', '2023-12-21 05:36:25', NULL),
(195, 'Cou', 'm', 'Le', '', 'Voici un oeuf', '', 'lsf', NULL, '/lsf-images/Cou N°1 - 0503.jpg|/lsf-images/cou_ndeg2_-_0504.jpg', '2023-12-21 05:36:25', NULL),
(196, 'Coucou', 'a', '', 'kou,kou', 'L’Afrique de Zigomar', '/cards-illustrations/Coucou.svg', 'lpc', NULL, '', '2023-12-21 05:36:25', NULL),
(197, 'Couleurs', 'f', 'La', '', 'Mon oiseau', '/cards-illustrations/couleurs.svg', 'lsf', NULL, '/lsf-images/Couleurs - 0085.jpg', '2023-12-21 05:36:25', NULL),
(198, 'Couleurs', 'f', 'La', '', 'Rien qu’une fois', '/cards-illustrations/grandir_0.svg', 'lsf', NULL, '/lsf-images/Couleurs - 0085.jpg', '2023-12-21 05:36:25', NULL),
(199, 'Couleurs', 'f', 'La', '', 'Le monstre des couleurs', '/cards-illustrations/couleurs_0.svg', 'lsf', NULL, '/lsf-images/Couleurs - 0085.jpg', '2023-12-21 05:36:25', NULL),
(200, 'Couleurs', 'f', 'La', '', 'Couleurs', '/cards-illustrations/couleurs_1.svg', 'lsf', NULL, '/lsf-images/Couleurs - 0085.jpg', '2023-12-21 05:36:25', NULL),
(201, 'Cour', 'f', 'La', 'kou,r', 'Dans la cour de l’école', '/cards-illustrations/Cour.svg', 'lpc', NULL, '', '2023-12-21 05:36:25', NULL),
(202, 'Courage', 'm', 'Le', 'kou,ra,j', 'Sophie et sa courge', '/cards-illustrations/Courage.svg', 'lpc', NULL, '', '2023-12-21 05:36:25', NULL),
(203, 'Courage', 'm', 'Le', '', 'Sophie et sa courge', '/cards-illustrations/Courage.svg', 'lsf', NULL, '/lsf-images/Courage - 0330.jpg', '2023-12-21 05:36:25', NULL),
(204, 'Courir', 'v', '', '', 'Le lapin noir', '/cards-illustrations/Courir.svg', 'lsf', NULL, '/lsf-images/Courir N°1 - 0455.jpg|/lsf-images/courir_ndeg2_-_0456.jpg', '2023-12-21 05:36:25', NULL),
(205, 'Couronne', 'f', 'La', 'kou,ro,n', 'Il était plusieurs fois une forêt', '/cards-illustrations/Couronne.svg', 'lpc', NULL, '', '2023-12-21 05:36:25', NULL),
(206, 'Couronne', 'f', 'La', 'kou,ro,n', 'Une fourmi pas comme les autres', '/cards-illustrations/Couronne.svg', 'lpc', NULL, '', '2023-12-21 05:36:25', NULL),
(207, 'Couronne', 'f', 'La', '', 'Il était plusieurs fois une forêt', '/cards-illustrations/Couronne.svg', 'lsf', NULL, '/lsf-images/Couronne N°1 - 0210.jpg|/lsf-images/couronne_ndeg2_-_0211.jpg', '2023-12-21 05:36:25', NULL),
(208, 'Couronne', 'f', 'La', '', 'Une fourmi pas comme les autres', '/cards-illustrations/Couronne.svg', 'lsf', NULL, '/lsf-images/Couronne N°1 - 0210.jpg|/lsf-images/couronne_ndeg2_-_0211_0.jpg', '2023-12-21 05:36:25', NULL),
(209, 'Couverture', 'f', 'La', '', 'La provision de bisous de Zou', '/cards-illustrations/Couverture.svg', 'lsf', NULL, '/lsf-images/Couverture N°1 - 0569.jpg|/lsf-images/couverture_ndeg2_-_0570.jpg', '2023-12-21 05:36:25', NULL),
(210, 'Cracher', 'v', '', '', 'Ecoute les bruits du cirque', '/cards-illustrations/Cracher.svg', 'lsf', NULL, '/lsf-images/Cracher N°1 - 0537.jpg|/lsf-images/cracher_ndeg2_-_0538.jpg', '2023-12-21 05:36:25', NULL),
(211, 'Crier', 'v', '', '', 'Ouaf, miaou, cui-cui', '/cards-illustrations/Crier.svg', 'lsf', NULL, '/lsf-images/Crier - 0369.jpg', '2023-12-21 05:36:25', NULL),
(212, 'Crier', 'v', '', 'k,ri,yé', 'ça suffit mammouth', '/cards-illustrations/crier.svg', 'lpc', NULL, '', '2023-12-21 05:36:25', NULL),
(213, 'Crocodile', 'm', 'Le', '', 'Le crocodile qui avait peur de l’eau', '/cards-illustrations/crocodile.svg', 'lsf', NULL, '/lsf-images/crocodile_ndeg2_-_0251.jpg', '2023-12-21 05:36:25', NULL),
(214, 'Cube', 'm', 'Le', 'ku,b', 'Qu’est-ce que c’est ?', '/cards-illustrations/Cube.svg', 'lpc', NULL, '', '2023-12-21 05:36:25', NULL),
(215, 'Cuisiner', 'v', '', 'k,ui,zi,né', 'Maman Ours', '', 'lpc', NULL, '', '2023-12-21 05:36:25', NULL),
(216, 'Curieux', 'a', '', '', 'Ta main dans ma main', '/cards-illustrations/Curieux.svg', 'lsf', NULL, '/lsf-images/Curieux - 0259.jpg', '2023-12-21 05:36:25', NULL),
(217, 'Danger', 'm', 'Le', 'dan,jé', 'Ouste ! attention aux ours', '/cards-illustrations/Attention.svg', 'lpc', NULL, '', '2023-12-21 05:36:25', NULL),
(218, 'Danger', 'm', 'Le', '', 'Dangereux', '/cards-illustrations/Attention.svg', 'lsf', NULL, '/lsf-images/Danger N°1 - 0248.jpg|/lsf-images/danger_ndeg2_-_0249.jpg', '2023-12-21 05:36:25', NULL),
(219, 'Danser', 'v', '', 'dan,sé', 'Ecoute les bruits du cirque', '/cards-illustrations/Danser.svg', 'lpc', NULL, '', '2023-12-21 05:36:25', NULL),
(220, 'Debout', 'a', '', 'de,bou', 'Ecoute les bruits du cirque', '/cards-illustrations/Debout.svg', 'lpc', NULL, '', '2023-12-21 05:36:25', NULL),
(221, 'Debout', 'a', '', 'de,bou', 'Le jour où j’ai perdu mes supers pouvoirs', '/cards-illustrations/Debout.svg', 'lpc', NULL, '', '2023-12-21 05:36:25', NULL),
(222, 'Debout', 'a', '', '', 'Le jour où j’ai perdu mes supers pouvoirs', '/cards-illustrations/Debout.svg', 'lsf', NULL, '/lsf-images/Debout N°1 - 0070.jpg|/lsf-images/debout_ndeg2_-_0071.jpg', '2023-12-21 05:36:25', NULL),
(223, 'Découvrir', 'v', '', '', 'Hier je t’ai…', '/cards-illustrations/Decouvrir.svg', 'lsf', NULL, '/lsf-images/Decouvrir N°1 - 0034.jpg|/lsf-images/decouvrir_ndeg2_-_0035.jpg', '2023-12-21 05:36:25', NULL),
(224, 'Découvrir', 'v', '', '', 'Ouste ! attention aux ours', '/cards-illustrations/Decouvrir.svg', 'lsf', NULL, '/lsf-images/Decouvrir N°1 - 0034.jpg|/lsf-images/decouvrir_ndeg2_-_0035_0.jpg', '2023-12-21 05:36:25', NULL),
(225, 'Dehors', 'a', '', '', 'La moufle', '/cards-illustrations/Dehors.svg', 'lsf', NULL, '', '2023-12-21 05:36:25', NULL),
(226, 'Déjeuner', 'm', 'Le', '', 'Le bain de madame trompette', '/cards-illustrations/Dejeuner.svg', 'lsf', NULL, '/lsf-images/Dejeuner - 0012.jpg', '2023-12-21 05:36:25', NULL),
(227, 'Dent', 'f', 'La', 'dan', 'Dis papa est-ce que les dinosaures sont morts ?', '/cards-illustrations/Dent.svg', 'lpc', NULL, '', '2023-12-21 05:36:25', NULL),
(228, 'Dent', 'f', 'La', 'dan', 'Le petit chaperon rouge', '/cards-illustrations/Dent.svg', 'lpc', NULL, '', '2023-12-21 05:36:25', NULL),
(229, 'Dent', 'f', 'La', '', 'Dis papa est-ce que les dinosaures sont morts ?', '/cards-illustrations/Dent.svg', 'lsf', NULL, '/lsf-images/Dent - 0562.jpg', '2023-12-21 05:36:25', NULL),
(230, 'Dent', 'f', 'La', '', 'Le petit chaperon rouge', '/cards-illustrations/Dent.svg', 'lsf', NULL, '/lsf-images/Dent - 0562.jpg', '2023-12-21 05:36:25', NULL),
(231, 'Déposer', 'v', '', 'dé,peau,zé', 'Merci le vent', '/cards-illustrations/deposer_0.svg', 'lpc', NULL, '', '2023-12-21 05:36:25', NULL),
(232, 'Désiré', 'a', '', 'dé,zi,ré', 'Hier je t’ai…', '/cards-illustrations/Desire.svg', 'lpc', NULL, '', '2023-12-21 05:36:25', NULL),
(233, 'Dessiner', 'v', '', 'dé,si,né', 'L’hiver de la famille souris', '/cards-illustrations/Dessiner.svg', 'lpc', NULL, '', '2023-12-21 05:36:25', NULL),
(234, 'Dessiner', 'v', '', '', 'L’hiver de la famille souris', '/cards-illustrations/Dessiner.svg', 'lsf', NULL, '/lsf-images/Dessiner - 0170.jpg', '2023-12-21 05:36:25', NULL),
(235, 'Dessiner', 'v', '', '', 'Dans ma maison', '/cards-illustrations/Dessiner.svg', 'lsf', NULL, '/lsf-images/Dessiner - 0170.jpg', '2023-12-21 05:36:25', NULL),
(236, 'Dessous', 'a', '', 'de,sou', 'La chasse à l\'ours', '', 'lpc', NULL, '', '2023-12-21 05:36:25', NULL),
(237, 'Dessus', 'a', '', 'de,su', 'La chasse à l\'ours', '', 'lpc', NULL, '', '2023-12-21 05:36:25', NULL),
(238, 'Détester', 'v', '', 'dé,tè,s,té', 'Banquise blues', '', 'lpc', NULL, '', '2023-12-21 05:36:25', NULL),
(239, 'Deux', 'a', '', 'deu', 'Chut ! on a un plan', '/cards-illustrations/Deux.svg', 'lpc', NULL, '', '2023-12-21 05:36:25', NULL),
(240, 'Dévorer', 'v', '', '', 'Dangereux', '/cards-illustrations/Devorer.svg', 'lsf', NULL, '/lsf-images/Devorer - 0265.jpg', '2023-12-21 05:36:25', NULL),
(241, 'Différent', 'a', '', 'di,fé,ran', 'Une fourmi pas comme les autres', '/cards-illustrations/Different.svg', 'lpc', NULL, '', '2023-12-21 05:36:25', NULL),
(242, 'Différent', 'a', '', '', 'Poisson et chat', '/cards-illustrations/Different.svg', 'lsf', NULL, '/lsf-images/Different N°1 - 0040.jpg|/lsf-images/different_ndeg2_-_0041.jpg', '2023-12-21 05:36:25', NULL),
(243, 'Dîner', 'm', 'Le', 'di,né', '31 Boîtes', '/cards-illustrations/Diner.svg', 'lpc', NULL, '', '2023-12-21 05:36:25', NULL),
(244, 'Dîner', 'm', 'Le', 'di,né', 'Grosse colère', '/cards-illustrations/Diner.svg', 'lpc', NULL, '', '2023-12-21 05:36:25', NULL),
(245, 'Dîner', 'm', 'Le', 'di,né', 'Sophie et sa courge', '/cards-illustrations/Diner.svg', 'lpc', NULL, '', '2023-12-21 05:36:25', NULL),
(246, 'Dingue', 'a', '', 'din,g', 'C’est dingue !', '/cards-illustrations/Dingue.svg', 'lpc', NULL, '', '2023-12-21 05:36:25', NULL),
(247, 'Dingue', 'a', '', '', 'C’est dingue !', '/cards-illustrations/Dingue.svg', 'lsf', NULL, '/lsf-images/Dingue - 0308.jpg', '2023-12-21 05:36:25', NULL),
(248, 'Dinosaure', 'm', 'Le', '', 'Dis papa est-ce que les dinosaures sont morts ?', '/cards-illustrations/Dinosaure.svg', 'lsf', NULL, '/lsf-images/Dinosaure N°1 - 0059.jpg|/lsf-images/dinosaure_ndeg2_-_0060.jpg', '2023-12-21 05:36:25', NULL),
(249, 'Dodo', 'm', 'Le', 'deau,deau', 'Dans ma maison', '/cards-illustrations/dormir_dodo.svg', 'lpc', NULL, '', '2023-12-21 05:36:25', NULL),
(250, 'Dormir', 'v', '', '', 'Trois petits pois', '/cards-illustrations/Dormir.svg', 'lsf', NULL, '/lsf-images/Dormir - 0361.jpg', '2023-12-21 05:36:25', NULL),
(251, 'Dos', 'm', 'Le', 'deau', 'Que caches tu dans ton dos ?', '/cards-illustrations/Dos.svg', 'lpc', NULL, '', '2023-12-21 05:36:25', NULL),
(252, 'Double-crème', 'f', '', 'dou,b,le', '(première partie du mot)', '', 'lpc', NULL, '', '2023-12-21 05:36:25', NULL),
(253, 'Double-crème', 'f', '', 'k,rè,me', '(deuxième partie du mot)', '', 'lpc', NULL, '', '2023-12-21 05:36:25', NULL),
(254, 'douce', 'a', '', 'dou,s', 'Avec moi c\'est comme ça', '', 'lpc', NULL, '', '2023-12-21 05:36:25', NULL),
(255, 'Doucement', 'a', '', '', 'Le parapluie vert', '/cards-illustrations/Doucement.svg', 'lsf', NULL, '/lsf-images/Doucement - 0280.jpg', '2023-12-21 05:36:25', NULL),
(256, 'doudou', 'm', 'Le', 'dou,dou', 'Le bain de Berk', '', 'lpc', NULL, '', '2023-12-21 05:36:25', NULL),
(257, 'Dragon', 'm', 'Le', 'd,ra,gon', 'La colère du dragon', '/cards-illustrations/Dragon.svg', 'lpc', NULL, '', '2023-12-21 05:36:25', NULL),
(258, 'Dragon', 'm', 'Le', '', 'La colère du dragon', '/cards-illustrations/Dragon.svg', 'lsf', NULL, '/lsf-images/Dragon - 0128.jpg', '2023-12-21 05:36:25', NULL),
(259, 'Dragon', 'm', 'Le', '', 'Le crocodile qui avait peur de l’eau', '/cards-illustrations/Dragon.svg', 'lsf', NULL, '/lsf-images/Dragon - 0128.jpg', '2023-12-21 05:36:25', NULL),
(260, 'Dur', 'm', '', 'du,r', 'ça suffit mammouth', '', 'lpc', NULL, '', '2023-12-21 05:36:25', NULL),
(261, 'Eau', 'f', 'L\'', 'eau', 'Le crocodile qui avait peur de l’eau', '/cards-illustrations/Eau.svg', 'lpc', NULL, '', '2023-12-21 05:36:25', NULL),
(262, 'Eau', 'f', 'L\'', 'eau', 'Le parapluie jaune', '/cards-illustrations/Eau.svg', 'lpc', NULL, '', '2023-12-21 05:36:25', NULL),
(263, 'Eau', 'f', 'L\'', 'eau', 'Le parapluie vert', '/cards-illustrations/Eau.svg', 'lpc', NULL, '', '2023-12-21 05:36:25', NULL),
(264, 'Eau', 'f', 'L\'', '', 'Chut ! on a un plan', '/cards-illustrations/Eau.svg', 'lsf', NULL, '/lsf-images/L\'eau - 0076.jpg', '2023-12-21 05:36:25', NULL),
(265, 'Eau', 'f', 'L\'', '', 'Le crocodile qui avait peur de l’eau', '/cards-illustrations/Eau.svg', 'lsf', NULL, '/lsf-images/L\'eau - 0076.jpg', '2023-12-21 05:36:25', NULL),
(266, 'Eau', 'f', 'L\'', '', 'Le parapluie vert', '/cards-illustrations/Eau.svg', 'lsf', NULL, '/lsf-images/L\'eau - 0076.jpg', '2023-12-21 05:36:25', NULL),
(267, 'Eau', 'f', 'L\'', '', 'Les Pompiers', '/cards-illustrations/Eau.svg', 'lsf', NULL, '/lsf-images/L\'eau - 0076.jpg', '2023-12-21 05:36:25', NULL),
(268, 'eau', 'f', 'L\'', 'eau', 'le bain de Berk', '', 'lpc', NULL, '', '2023-12-21 05:36:25', NULL),
(269, 'Echarpe', 'f', 'L\'', '', 'Une fourmi pas comme les autres', '/cards-illustrations/Echarpe.svg', 'lsf', NULL, '/lsf-images/Echarpe N°1 - 0194.jpg|/lsf-images/echarpe_ndeg2_-_0195.jpg', '2023-12-21 05:36:25', NULL),
(270, 'Echelle', 'f', 'L\'', '', 'Chut ! on a un plan', '/cards-illustrations/Echelle.svg', 'lsf', NULL, '/lsf-images/Echelle N°1 - 0073.jpg|/lsf-images/echelle_ndeg2_-_0074.jpg', '2023-12-21 05:36:25', NULL),
(271, 'Échelle', 'f', 'L\'', 'é,chè,l', 'Les Pompiers', '/cards-illustrations/Echelle.svg', 'lpc', NULL, '', '2023-12-21 05:36:25', NULL),
(272, 'Ecole', 'f', 'L\'', '', 'Dans la cour de l’école', '/cards-illustrations/Ecole.svg', 'lsf', NULL, '/lsf-images/Ecole N°1 - 0273.jpg|/lsf-images/ecole_ndeg2_-_0274.jpg', '2023-12-21 05:36:25', NULL),
(273, 'École', 'f', 'L\'', 'é,ko,l', 'Le parapluie vert', '/cards-illustrations/Ecole.svg', 'lpc', NULL, '', '2023-12-21 05:36:25', NULL),
(274, 'école', 'f', 'L\'', 'é,ko,le', 'Le monstre des couleurs va à l\'école', '/cards-illustrations/ecole.svg', 'lpc', NULL, '', '2023-12-21 05:36:25', NULL),
(275, 'Ecouter (entendants)', 'v', '', '', 'Hier je t’ai…', '/cards-illustrations/Ecouter.svg', 'lsf', NULL, '/lsf-images/Ecouter (entendants) - 0038.jpg', '2023-12-21 05:36:25', NULL),
(276, 'Ecouter (entendants)', 'v', '', '', 'Ouste ! attention aux ours', '/cards-illustrations/Ecouter.svg', 'lsf', NULL, '/lsf-images/Ecouter (entendants) - 0038.jpg', '2023-12-21 05:36:25', NULL),
(277, 'Ecouter (sourds)', 'v', '', '', 'Hier je t’ai…', '/cards-illustrations/Ecouter.svg', 'lsf', NULL, '/lsf-images/Ecouter (sourds) - 0039.jpg', '2023-12-21 05:36:25', NULL),
(278, 'Ecouter (sourds)', 'v', '', '', 'Ouste ! attention aux ours', '/cards-illustrations/Ecouter.svg', 'lsf', NULL, '/lsf-images/Ecouter (sourds) - 0039.jpg', '2023-12-21 05:36:25', NULL),
(279, 'Ecureuil', 'm', 'L\'', '', 'Couleurs', '/cards-illustrations/Ecureuil.svg', 'lsf', NULL, '/lsf-images/Ecureuil - 0018.jpg', '2023-12-21 05:36:25', NULL),
(280, 'Ecureuil', 'm', 'L\'', 'é,ku,re,ye', 'Bientôt l\'hiver', '/cards-illustrations/ecureuil.svg', 'lpc', NULL, '', '2023-12-21 05:36:25', NULL),
(281, 'Élégant', 'a', '', 'é,lé,gan', 'Une fourmi pas comme les autres', '/cards-illustrations/Elegant.svg', 'lpc', NULL, '', '2023-12-21 05:36:25', NULL),
(282, 'Eléphant', 'm', 'L\'', '', 'Un livre', '/cards-illustrations/elephant.svg', 'lsf', NULL, '/lsf-images/Elephant N°1 - 0211.jpg', '2023-12-21 05:36:25', NULL),
(283, 'Empoisonné', 'a', '', 'an,po,a,zo', 'Blanche Neige', '', 'lpc', NULL, '', '2023-12-21 05:36:25', NULL),
(284, 'Encore', 'a', '', '', 'Dis-moi ?', '/cards-illustrations/Encore.svg', 'lsf', NULL, '/lsf-images/Encore - 0351.jpg', '2023-12-21 05:36:25', NULL),
(285, 'Enfant', 'm', 'L\'', 'an,fan', 'Dans ma maison', '/cards-illustrations/Enfants.svg', 'lpc', NULL, '', '2023-12-21 05:36:25', NULL),
(286, 'Enfant', 'm', 'L\'', 'an,fan', 'Ecoute les bruits du château', '/cards-illustrations/Enfants.svg', 'lpc', NULL, '', '2023-12-21 05:36:25', NULL),
(287, 'Enfant', 'm', 'L\'', 'an,fan', 'Le jour où j’ai perdu mes supers pouvoirs', '/cards-illustrations/Enfants.svg', 'lpc', NULL, '', '2023-12-21 05:36:25', NULL),
(288, 'Enfant', 'm', 'L\'', '', 'Dans ma maison', '/cards-illustrations/Enfants.svg', 'lsf', NULL, '/lsf-images/Enfant - 0176.jpg', '2023-12-21 05:36:25', NULL),
(289, 'enfant ', 'm', 'l\'', '', 'Dis-moi', '', 'lsf', NULL, '', '2023-12-21 05:36:25', NULL),
(290, 'Ennuyer', 'v', '', '', 'Tous les animaux étaient en colère', '/cards-illustrations/S\'ennuyer.svg', 'lsf', NULL, '/lsf-images/Ennuyer N°1 - 0198.jpg|/lsf-images/ennuyer_ndeg2_-_0199.jpg', '2023-12-21 05:36:25', NULL),
(291, 'Ensemble', 'a', '', 'an,san,b,le', 'Pas touche', '', 'lpc', NULL, '', '2023-12-21 05:36:25', NULL),
(292, 'Espérer', 'v', '', '', 'Ouste ! attention aux ours', '/cards-illustrations/Esperer.svg', 'lsf', NULL, '/lsf-images/Esperer - 0032.jpg', '2023-12-21 05:36:25', NULL),
(293, 'Essayer', 'v', '', '', 'Quatre petits coins de rien du tout', '/cards-illustrations/Essayer.svg', 'lsf', NULL, '/lsf-images/Essayer - 0217.jpg', '2023-12-21 05:36:25', NULL),
(294, 'Eté', 'm', 'L\'', '', 'Bloup bloup bloup', '/cards-illustrations/Ete.svg', 'lsf', NULL, '/lsf-images/Ete - 0478.jpg', '2023-12-21 05:36:25', NULL),
(295, 'Été', 'm', 'L\'', 'é,té', 'Ta main dans ma main', '/cards-illustrations/Ete.svg', 'lpc', NULL, '', '2023-12-21 05:36:25', NULL),
(296, 'Eteindre', 'v', '', '', 'Les Pompiers', '/cards-illustrations/Eteindre.svg', 'lsf', NULL, '/lsf-images/Eteindre N°1 - 0531.jpg|/lsf-images/eteindre_ndeg2_-_0532.jpg', '2023-12-21 05:36:25', NULL),
(297, 'Éteint', 'a', '', 'é,tin', 'Avec moi c\'est comme ça', '', 'lpc', NULL, '', '2023-12-21 05:36:25', NULL),
(298, 'étoile', 'f', 'L\'', 'é,t,wa,le', 'Le lapin, la nuit et la boîte à biscuits', '/cards-illustrations/etoile.svg', 'lpc', NULL, '', '2023-12-21 05:36:25', NULL),
(299, 'Fâché', 'a', '', '', 'Tous les animaux étaient en colère', '/cards-illustrations/Fache.svg', 'lsf', NULL, '/lsf-images/Fache - 0200.jpg', '2023-12-21 05:36:25', NULL),
(300, 'fâché', 'a', '', 'fa,ché', 'Aujourd\'hui je suis...', '', 'lpc', NULL, '', '2023-12-21 05:36:25', NULL),
(301, 'Fâcher', 'v', '', 'fa,ché', 'La colère du dragon', '/cards-illustrations/Fache.svg', 'lpc', NULL, '', '2023-12-21 05:36:25', NULL),
(302, 'Facteur', 'm', 'Le', '', 'La tournée du facteur Souris', '/cards-illustrations/Facteur.svg', 'lsf', NULL, '/lsf-images/Facteur - 0141.jpg', '2023-12-21 05:36:25', NULL),
(303, 'Facteur', 'm', 'Le', '', 'Qu’est-ce que c’est ?', '/cards-illustrations/Facteur.svg', 'lsf', NULL, '/lsf-images/Facteur - 0141.jpg', '2023-12-21 05:36:25', NULL),
(304, 'Faim', 'f', 'La', 'fin', 'Ephémère', '/cards-illustrations/Faim.svg', 'lpc', NULL, '', '2023-12-21 05:36:25', NULL),
(305, 'Faim', 'f', 'La', 'fin', 'La tarte aux fées', '/cards-illustrations/Faim.svg', 'lpc', NULL, '', '2023-12-21 05:36:25', NULL),
(306, 'Faim', 'f', 'La', '', 'Ephémère', '/cards-illustrations/Faim.svg', 'lsf', NULL, '/lsf-images/Faim N°1 - 0246.jpg', '2023-12-21 05:36:25', NULL),
(307, 'Fatigué', 'a', '', 'fa,ti,gué', 'Banquise blues', '/cards-illustrations/fatigue.svg', 'lpc', NULL, '', '2023-12-21 05:36:25', NULL),
(308, 'Fée', 'f', 'La', '', 'La tarte aux fées', '/cards-illustrations/Fee.svg', 'lsf', NULL, '/lsf-images/Fee - 0151.jpg', '2023-12-21 05:36:25', NULL),
(309, 'Fête', 'f', 'La', '', 'Petit oubli', '/cards-illustrations/Fete.svg', 'lsf', NULL, '/lsf-images/Fete N°1 - 0190.jpg|/lsf-images/fete_ndeg2_-_0191.jpg', '2023-12-21 05:36:25', NULL),
(310, 'Feu', 'm', 'Le', 'feu', 'Ecoute les bruits du cirque', '/cards-illustrations/Feu.svg', 'lpc', NULL, '', '2023-12-21 05:36:25', NULL),
(311, 'Feu', 'm', 'Le', 'feu', 'Le crocodile qui avait peur de l’eau', '/cards-illustrations/Feu.svg', 'lpc', NULL, '', '2023-12-21 05:36:25', NULL),
(312, 'Feu', 'm', 'Le', '', 'Les Pompiers', '/cards-illustrations/Feu.svg', 'lsf', NULL, '/lsf-images/Feu N°1 - 0257.jpg', '2023-12-21 05:36:25', NULL),
(313, 'Feuille', 'f', 'La', 'fe,y', 'Les instruments', '/cards-illustrations/Feuille.svg', 'lpc', NULL, '', '2023-12-21 05:36:25', NULL),
(314, 'feuille', 'f', 'La', 'fe,ye', 'Sous mon arbre', '/cards-illustrations/feuille.svg', 'lpc', NULL, '', '2023-12-21 05:36:25', NULL),
(315, 'Fille', 'f', 'La', 'fi,y', 'Dans la cour de l’école', '/cards-illustrations/Fille.svg', 'lpc', NULL, '', '2023-12-21 05:36:25', NULL),
(316, 'Fille', 'f', 'La', 'fi,y', 'Le petit chaperon rouge', '/cards-illustrations/Fille.svg', 'lpc', NULL, '', '2023-12-21 05:36:25', NULL),
(317, 'Fille', 'f', 'La', 'fi,y', 'Marre du rose', '/cards-illustrations/Fille.svg', 'lpc', NULL, '', '2023-12-21 05:36:25', NULL),
(318, 'Fille', 'f', 'La', '', 'Marre du rose', '/cards-illustrations/Fille.svg', 'lsf', NULL, '/lsf-images/Fille N°1 - 0225.jpg|/lsf-images/fille_ndeg2_-_0226.jpg', '2023-12-21 05:36:25', NULL);
INSERT INTO `Word_tbl` (`id`, `word`, `word_type`, `determinant`, `Syllab`, `BookCategory`, `Illustration`, `Language`, `level`, `lsf_images_paths`, `updated_at`, `created_at`) VALUES
(319, 'Fille', 'f', 'La', '', 'Les poupées c\'est pour les filles', '/cards-illustrations/Fille.svg', 'lsf', NULL, '/lsf-images/Fille N°1 - 0225.jpg|/lsf-images/fille_ndeg2_-_0226_0.jpg', '2023-12-21 05:36:25', NULL),
(320, 'Fleur', 'f', 'La', '', 'Une rencontre', '/cards-illustrations/Fleur.svg', 'lsf', NULL, '/lsf-images/Fleur N°1 - 0188.jpg|/lsf-images/fleur_ndeg2_-_0189.jpg', '2023-12-21 05:36:25', NULL),
(321, 'Fois', 'f', 'La', 'f,wa', 'Rien qu’une fois', '/cards-illustrations/Fois.svg', 'lpc', NULL, '', '2023-12-21 05:36:25', NULL),
(322, 'Fois', 'f', 'La', '', 'Rien qu’une fois', '/cards-illustrations/Fois.svg', 'lsf', NULL, '/lsf-images/Fois - 0217.jpg', '2023-12-21 05:36:25', NULL),
(323, 'Forêt', 'f', 'La', 'fo,rè', 'Igor et Natacha', '/cards-illustrations/foret.svg', 'lpc', NULL, '', '2023-12-21 05:36:25', NULL),
(324, 'Forêt', 'f', 'La', 'fo,rè', 'Il était plusieurs fois une forêt', '/cards-illustrations/foret_0.svg', 'lpc', NULL, '', '2023-12-21 05:36:25', NULL),
(325, 'Forêt', 'f', 'La', 'fo,rè', 'Le lapin noir', '/cards-illustrations/foret_1.svg', 'lpc', NULL, '', '2023-12-21 05:36:25', NULL),
(326, 'Forêt', 'f', 'La', '', 'Poisson et chat', '/cards-illustrations/foret_2.svg', 'lsf', NULL, '/lsf-images/Foret - 0044.jpg', '2023-12-21 05:36:25', NULL),
(327, 'Forêt', 'f', 'La', '', 'Il était plusieurs fois une forêt', '/cards-illustrations/foret_3.svg', 'lsf', NULL, '/lsf-images/Foret - 0044.jpg', '2023-12-21 05:36:25', NULL),
(328, 'Fort', 'a', '', '', 'Sur les genoux de maman', '/cards-illustrations/Fort.svg', 'lsf', NULL, '/lsf-images/Fort - 0447.jpg', '2023-12-21 05:36:25', NULL),
(329, 'fort', 'a', '', 'fo,r', 'C\'est moi le plus fort', '/cards-illustrations/fort.svg', 'lpc', NULL, '', '2023-12-21 05:36:25', NULL),
(330, 'Fourmi', 'f', 'La ', 'fou,r,mi', 'Une fourmi pas comme les autres', '/cards-illustrations/Fourmi.svg', 'lpc', NULL, '', '2023-12-21 05:36:25', NULL),
(331, 'Fourmi', 'f', 'La', '', 'Une fourmi pas comme les autres', '/cards-illustrations/Fourmi.svg', 'lsf', NULL, '/lsf-images/Fourmi - 0193.jpg', '2023-12-21 05:36:25', NULL),
(332, 'Frigo', 'm', 'Le', 'f,ri,gueau', 'La tarte aux fées', '/cards-illustrations/Frigo.svg', 'lpc', NULL, '', '2023-12-21 05:36:25', NULL),
(333, 'Fuir', 'v', '', '', 'Chut ! on a un plan', '/cards-illustrations/Fuir.svg', 'lsf', NULL, '/lsf-images/Fuir N°1 - 0077.jpg|/lsf-images/fuir_ndeg2_-_0078.jpg', '2023-12-21 05:36:25', NULL),
(334, 'Garçon', 'm', 'Le', 'g,r,son', 'Dans la cour de l’école', '/cards-illustrations/Garcon.svg', 'lpc', NULL, '', '2023-12-21 05:36:25', NULL),
(335, 'Garçon', 'm', 'Le', 'g,r,son', 'Marre du rose', '/cards-illustrations/Garcon.svg', 'lpc', NULL, '', '2023-12-21 05:36:25', NULL),
(336, 'Garçon', 'm', 'Le', '', 'Marre du rose', '/cards-illustrations/Garcon.svg', 'lsf', NULL, '/lsf-images/Garcon N°1 - 0229.jpg|/lsf-images/garcon_ndeg2_-_0228.jpg', '2023-12-21 05:36:25', NULL),
(337, 'Géant (version 1)', 'm', 'Le', '', 'Grosse colère', '/cards-illustrations/Geant.svg', 'lsf', NULL, '/lsf-images/Geant N°1 (version1) - 0494.jpg|/lsf-images/geant_ndeg2_version_1_-_0495.jpg', '2023-12-21 05:36:25', NULL),
(338, 'Géant (version 2)', 'm', 'Le', '', 'Grosse colère', '/cards-illustrations/Geant.svg', 'lsf', NULL, '/lsf-images/Geant N°1 (version 2) - 0496.jpg|/lsf-images/geant_ndeg2_version_2_-_0497.jpg', '2023-12-21 05:36:25', NULL),
(339, 'Genou', 'm', 'Le', 'je,nou', '31 Boîtes', '/cards-illustrations/Genou.svg', 'lpc', NULL, '', '2023-12-21 05:36:25', NULL),
(340, 'Genou', 'm', 'Le', 'je,nou', 'Sur les genoux de maman', '/cards-illustrations/Genou.svg', 'lpc', NULL, '', '2023-12-21 05:36:25', NULL),
(341, 'Girafe', 'f', 'La', 'ji,ra,f', 'Tous les animaux étaient en colère', '/cards-illustrations/Girafe.svg', 'lpc', NULL, '', '2023-12-21 05:36:25', NULL),
(342, 'girafe', 'f', 'La', 'ji,ra,fe', 'Splat et la sortie de classe', '/cards-illustrations/girafe.svg', 'lpc', NULL, '', '2023-12-21 05:36:25', NULL),
(343, 'Goutte', 'f', 'La', 'gou,t', 'Le parapluie jaune', '/cards-illustrations/Goutte.svg', 'lpc', NULL, '', '2023-12-21 05:36:25', NULL),
(344, 'Goutte', 'f', 'La', '', 'Le parapluie jaune', '/cards-illustrations/Goutte.svg', 'lsf', NULL, '/lsf-images/Goutte N°1 - 0344.jpg|/lsf-images/goutte_ndeg2_-_0345.jpg', '2023-12-21 05:36:25', NULL),
(345, 'grand', 'a', '', 'gue,ran', 'Grand loup petit loup', '/cards-illustrations/grandir_1.svg', 'lpc', NULL, '', '2023-12-21 05:36:25', NULL),
(346, 'Grandir', 'v', '', '', 'Et si je mangeais ma soupe?', '/cards-illustrations/grandir.svg', 'lsf', NULL, '/lsf-images/pousser_grandir_ndeg1_-_0362.jpg|/lsf-images/pousser_grandir_ndeg2_-_0363-1.jpg', '2023-12-21 05:36:25', NULL),
(347, 'grandir', 'v', '', 'g,ran,di,r', 'Sous mon arbre', '/cards-illustrations/grandir_2.svg', 'lpc', NULL, '', '2023-12-21 05:36:25', NULL),
(348, 'Grenouille', 'f', 'La', '', 'L’Afrique de Zigomar', '/cards-illustrations/Grenouille.svg', 'lsf', NULL, '/lsf-images/Grenouille - 0126.jpg', '2023-12-21 05:36:25', NULL),
(349, 'Grenouille', 'f', 'La', '', 'La nature', '/cards-illustrations/Grenouille.svg', 'lsf', NULL, '/lsf-images/Grenouille - 0126.jpg', '2023-12-21 05:36:25', NULL),
(350, 'Grésiller', 'v', '', '', 'Ecoute les bruits du château', '/cards-illustrations/Gresiller.svg', 'lsf', NULL, '/lsf-images/Gresiller N°1 - 0529.jpg|/lsf-images/gresiller_ndeg2_-_0530.jpg', '2023-12-21 05:36:25', NULL),
(351, 'Grimper', 'v', '', '', 'La tournée du facteur Souris', '/cards-illustrations/Grimper.svg', 'lsf', NULL, '/lsf-images/Grimper - 0145.jpg', '2023-12-21 05:36:25', NULL),
(352, 'Guitare', 'f', 'La', '', 'Les instruments', '/cards-illustrations/Guitare.svg', 'lsf', NULL, '/lsf-images/Guitare N°1 - 0516.jpg|/lsf-images/guitare_ndeg2_-_0518.jpg', '2023-12-21 05:36:25', NULL),
(353, 'Habit', 'm', 'L\'', 'a,bi', 'Marre du rose', '/cards-illustrations/Habits.svg', 'lpc', NULL, '', '2023-12-21 05:36:25', NULL),
(354, 'Hélèn', 'f', '', 'é,lè,n', 'Prénom camarade de classe', '', 'lpc', NULL, '', '2023-12-21 05:36:25', NULL),
(355, 'Hélène', 'm', '', 'è,lè,ne', 'Prénom camarade de classe', '', 'lpc', NULL, '', '2023-12-21 05:36:25', NULL),
(356, 'Hélicoptère', 'm', 'L\'', '', 'Trouvinettes', '/cards-illustrations/Helico.svg', 'lsf', NULL, '/lsf-images/Helicoptere - 0401.jpg', '2023-12-21 05:36:25', NULL),
(357, 'Hélicoptère', 'm', 'L\'', '', 'Les Pompiers', '/cards-illustrations/Helico.svg', 'lsf', NULL, '/lsf-images/Helicoptere - 0401.jpg', '2023-12-21 05:36:25', NULL),
(358, 'heureux', 'a', '', 'eu,reu', 'Aujourd\'hui je suis...', '', 'lpc', NULL, '', '2023-12-21 05:36:25', NULL),
(359, 'Hibou', 'm', 'Le', 'i,bou', 'La nature', '/cards-illustrations/Hibou.svg', 'lpc', NULL, '', '2023-12-21 05:36:25', NULL),
(360, 'Hibou', 'm', 'Le', '', 'Un peu perdu', '/cards-illustrations/Hibou.svg', 'lsf', NULL, '/lsf-images/Hibou - 0508.jpg', '2023-12-21 05:36:25', NULL),
(361, 'Hibou', 'm', 'Le', '', 'Mais qui vit là?', '/cards-illustrations/Hibou.svg', 'lsf', NULL, '/lsf-images/Hibou - 0508.jpg', '2023-12-21 05:36:25', NULL),
(362, 'hibou', 'm', 'Le ', 'i,bou', 'Bientôt l\'hiver', '/cards-illustrations/hibou.svg', 'lpc', NULL, '', '2023-12-21 05:36:25', NULL),
(363, 'Hier', 'a', '', 'yè,r', 'Hier je t’ai…', '/cards-illustrations/Hier.svg', 'lpc', NULL, '', '2023-12-21 05:36:25', NULL),
(364, 'Hirondelle', 'f', 'L\'', '', 'L’Afrique de Zigomar', '/cards-illustrations/Hirondelle.svg', 'lsf', NULL, '/lsf-images/Hirondelle - 0103.jpg', '2023-12-21 05:36:25', NULL),
(365, 'Hiver', 'm', 'L\'', 'i,vè,r', 'Ta main dans ma main', '/cards-illustrations/Hiver.svg', 'lpc', NULL, '', '2023-12-21 05:36:25', NULL),
(366, 'Hiver', 'm', 'L\'', 'i,vè,r', 'Neige, le blanc et les couleurs', '/cards-illustrations/Hiver.svg', 'lpc', NULL, '', '2023-12-21 05:36:25', NULL),
(367, 'hiver', 'm', 'L\'', 'i,vè,re', 'Bientôt l\'hiver', '/cards-illustrations/hiver.svg', 'lpc', NULL, '', '2023-12-21 05:36:25', NULL),
(368, 'hiver', 'm', 'L\'', 'i,vè,re', 'Bientôt l\'hiver', '/cards-illustrations/hiver_1.svg', 'lpc', NULL, '', '2023-12-21 05:36:25', NULL),
(369, 'Homme', 'm', 'L\'', 'o,m', 'Dans ma maison', '/cards-illustrations/Homme.svg', 'lpc', NULL, '', '2023-12-21 05:36:25', NULL),
(370, 'Homme', 'm', 'L\'', '', 'Dans ma maison', '/cards-illustrations/Homme.svg', 'lsf', NULL, '/lsf-images/Homme N° 1 - 0202.jpg|/lsf-images/homme_ndeg_2_-_0203.jpg', '2023-12-21 05:36:25', NULL),
(371, 'HOP!', 'a', '', 'o,p', 'Au Galop!', '/cards-illustrations/Hop.svg', 'lpc', NULL, '', '2023-12-21 05:36:25', NULL),
(372, 'Ici', 'a', '', 'i,si', 'Lily cherche son chat', '', 'lpc', NULL, '', '2023-12-21 05:36:25', NULL),
(373, 'Jardin', 'm', 'Le', '', 'Sophie et sa courge', '/cards-illustrations/Jardin.svg', 'lsf', NULL, '/lsf-images/Jardin N°1 - 0334.jpg|/lsf-images/jardin_ndeg2_-_0336.jpg', '2023-12-21 05:36:25', NULL),
(374, 'Jaune', 'a', '', 'jeau,n', 'Couleurs', '/cards-illustrations/Jaune.svg', 'lpc', NULL, '', '2023-12-21 05:36:25', NULL),
(375, 'Jaune', 'a', '', 'jeau,n', 'Les trois pommiers', '/cards-illustrations/Jaune.svg', 'lpc', NULL, '', '2023-12-21 05:36:25', NULL),
(376, 'Jaune', 'a', '', 'jeau,n', 'Un livre', '/cards-illustrations/Jaune.svg', 'lpc', NULL, '', '2023-12-21 05:36:25', NULL),
(377, 'Jaune', 'a', '', '', 'Un livre', '/cards-illustrations/Jaune.svg', 'lsf', NULL, '/lsf-images/Jaune - 0353.jpg', '2023-12-21 05:36:25', NULL),
(378, 'Jeter', 'v', '', '', 'Le ça', '/cards-illustrations/Jeter.svg', 'lsf', NULL, '/lsf-images/Jeter N°1 - 0299.jpg|/lsf-images/jeter_ndeg2_-_0300.jpg', '2023-12-21 05:36:25', NULL),
(379, 'Joie', 'f', 'La', 'j,wa', 'Le monstre des couleurs', '/cards-illustrations/Joie.svg', 'lpc', NULL, '', '2023-12-21 05:36:25', NULL),
(380, 'joie', 'f', 'La', 'j,wa', 'Le monstre des couleurs va à l\'école', '/cards-illustrations/joie.svg', 'lpc', NULL, '', '2023-12-21 05:36:25', NULL),
(381, 'Joue', 'f', 'La', 'jou', 'Atchoum', '/cards-illustrations/Joue.svg', 'lpc', NULL, '', '2023-12-21 05:36:25', NULL),
(382, 'Jouer', 'v', '', '', 'Le bain de madame trompette', '/cards-illustrations/Jouer.svg', 'lsf', NULL, '/lsf-images/Jouer - 0007.jpg', '2023-12-21 05:36:25', NULL),
(383, 'Jouer', 'v', '', '', 'Dans la cour de l’école', '/cards-illustrations/Jouer.svg', 'lsf', NULL, '/lsf-images/Jouer - 0007.jpg', '2023-12-21 05:36:25', NULL),
(384, 'Jouet', 'm', 'Le', 'jou,è', 'Les poupées c\'est pour les filles', '/cards-illustrations/Jouets.svg', 'lpc', NULL, '', '2023-12-21 05:36:25', NULL),
(385, 'Jouet', 'm', 'Le', '', 'Les poupées c\'est pour les filles', '/cards-illustrations/Jouets.svg', 'lsf', NULL, '/lsf-images/Jouet N° 1 - 0575.jpg|/lsf-images/jouet_ndeg_2_-0576.jpg', '2023-12-21 05:36:25', NULL),
(386, 'Jour', 'm', 'Le', 'jou,r', '31 Boîtes', '/cards-illustrations/Jour.svg', 'lpc', NULL, '', '2023-12-21 05:36:25', NULL),
(387, 'Jour', 'm', 'Le', 'jou,r', 'Frisson l’écureuil', '/cards-illustrations/Jour.svg', 'lpc', NULL, '', '2023-12-21 05:36:25', NULL),
(388, 'Jour', 'm', 'Le', '', 'Igor et Natacha', '/cards-illustrations/Jour.svg', 'lsf', NULL, '/lsf-images/Jour N°1 - 0289.jpg|/lsf-images/jour_ndeg2_-_0291.jpg', '2023-12-21 05:36:25', NULL),
(389, 'Jules', 'a', '', 'ju,l', 'Le ça', '', 'lpc', NULL, '', '2023-12-21 05:36:25', NULL),
(390, 'Là', 'a', '', 'la', 'Mais qui vit là?', '/cards-illustrations/La.svg', 'lpc', NULL, '', '2023-12-21 05:36:25', NULL),
(391, 'Là', 'a', '', '', 'Mais qui vit là?', '/cards-illustrations/La.svg', 'lsf', NULL, '/lsf-images/La N°1 - 0206.jpg|/lsf-images/la_ndeg2_-_0207.jpg', '2023-12-21 05:36:25', NULL),
(392, 'Lampe', 'f', 'La', 'lan,p', 'Qu’est-ce que c’est ?', '/cards-illustrations/Lampe.svg', 'lpc', NULL, '', '2023-12-21 05:36:25', NULL),
(393, 'Lampe', 'f', 'La', '', 'Qu’est-ce que c’est ?', '/cards-illustrations/Lampe.svg', 'lsf', NULL, '/lsf-images/Lampe N°1 - 0186.jpg|/lsf-images/lampe_ndeg2_-_0187.jpg', '2023-12-21 05:36:25', NULL),
(394, 'Lancer', 'v', '', 'lan,sé', 'Coincé', '', 'lpc', NULL, '', '2023-12-21 05:36:25', NULL),
(395, 'Lapin', 'm', 'Le', 'la,pin', 'Bon appétit! Monsieur Lapin', '/cards-illustrations/Lapin.svg', 'lpc', NULL, '', '2023-12-21 05:36:25', NULL),
(396, 'Lapin', 'm', 'Le', 'la,pin', 'Le lapin noir', '/cards-illustrations/Lapin.svg', 'lpc', NULL, '', '2023-12-21 05:36:25', NULL),
(397, 'Lapin', 'm', 'Le', 'la,pin', 'Les instruments', '/cards-illustrations/Lapin.svg', 'lpc', NULL, '', '2023-12-21 05:36:25', NULL),
(398, 'Lapin', 'm', 'Le', 'la,pin', 'Ouvre ce petit livre', '/cards-illustrations/Lapin.svg', 'lpc', NULL, '', '2023-12-21 05:36:25', NULL),
(399, 'Lapin', 'm', 'Le', '', 'Bon appétit! Monsieur Lapin', '/cards-illustrations/Lapin.svg', 'lsf', NULL, '/lsf-images/Lapin N°1 - 0411.jpg|/lsf-images/lapin_ndeg2_-_0412.jpg', '2023-12-21 05:36:25', NULL),
(400, 'Lapin', 'm', 'Le', '', 'Le lapin noir', '/cards-illustrations/Lapin.svg', 'lsf', NULL, '/lsf-images/Lapin N°1 - 0411.jpg|/lsf-images/lapin_ndeg2_-_0412_0.jpg', '2023-12-21 05:36:25', NULL),
(401, 'Lapin', 'm', 'Le ', 'la,pin', 'Le lapin, la nuit et la boîte à biscuits', '', 'lpc', NULL, '', '2023-12-21 05:36:25', NULL),
(402, 'Lapin', 'm', 'Le ', 'la,pin', 'Le lapin, la nuit et la boîte à biscuits', '', 'lpc', NULL, '', '2023-12-21 05:36:25', NULL),
(403, 'lapin', 'm', 'Le ', 'la,pin', 'Le lapin, la nuit et la boîte à biscuits', '', 'lpc', NULL, '', '2023-12-21 05:36:25', NULL),
(404, 'Lettre', 'f', 'La', 'lè,t,r', 'La tournée du facteur Souris', '/cards-illustrations/Lettre.svg', 'lpc', NULL, '', '2023-12-21 05:36:25', NULL),
(405, 'Lettre', 'f', 'La', '', 'La tournée du facteur Souris', '/cards-illustrations/Lettre.svg', 'lsf', NULL, '/lsf-images/Lettre N°1 - 0192.jpg|/lsf-images/lettre_ndeg2_-_0193.jpg', '2023-12-21 05:36:25', NULL),
(406, 'Limace', 'f', 'La', 'li,ma,s', 'La tarte aux fées', '/cards-illustrations/Limace.svg', 'lpc', NULL, '', '2023-12-21 05:36:25', NULL),
(407, 'Lion', 'm', 'Le', 'li,on', 'Tous les animaux étaient en colère', '/cards-illustrations/Lion.svg', 'lpc', NULL, '', '2023-12-21 05:36:25', NULL),
(408, 'Lion', 'm', 'Le', '', 'Tous les animaux étaient en colère', '/cards-illustrations/Lion.svg', 'lsf', NULL, '/lsf-images/Lion N°1 - 196.jpg|/lsf-images/lion_ndeg2_-_0197.jpg', '2023-12-21 05:36:25', NULL),
(409, 'Lit', 'm', 'Le', 'li', 'Ecoute les bruits du château', '/cards-illustrations/Lit.svg', 'lpc', NULL, '', '2023-12-21 05:36:25', NULL),
(410, 'Lit', 'm', 'Le', '', 'Ecoute les bruits du château', '/cards-illustrations/Lit.svg', 'lsf', NULL, '/lsf-images/Lit - 0525.jpg', '2023-12-21 05:36:25', NULL),
(411, 'Livre', 'm', 'Le', 'li,v,r', 'Ouvre ce petit livre', '/cards-illustrations/Livre.svg', 'lpc', NULL, '', '2023-12-21 05:36:25', NULL),
(412, 'Livre', 'm', 'Le', '', 'Ouvre ce petit livre', '/cards-illustrations/Livre.svg', 'lsf', NULL, '/lsf-images/Livre - 0266.jpg', '2023-12-21 05:36:25', NULL),
(413, 'livre', 'm', 'Le', 'li,v,re', 'Crocolou aime les livres', '/cards-illustrations/livre.svg', 'lpc', NULL, '', '2023-12-21 05:36:25', NULL),
(414, 'livre', 'm', 'Le', 'li,v,re', 'Un livre et plus encore', '/cards-illustrations/livre_0.svg', 'lpc', NULL, '', '2023-12-21 05:36:25', NULL),
(415, 'Lola', 'a', '', 'lo,la', 'Pou-poule !', '', 'lpc', NULL, '', '2023-12-21 05:36:25', NULL),
(416, 'Loup', 'm', 'Le', 'lou', 'Le lapin noir', '/cards-illustrations/Loup.svg', 'lpc', NULL, '', '2023-12-21 05:36:25', NULL),
(417, 'Loup', 'm', 'Le', '', 'Le petit chaperon rouge', '/cards-illustrations/Loup.svg', 'lsf', NULL, '/lsf-images/Loup N°1 - 0560.jpg|/lsf-images/loup_ndeg2_-_0561.jpg', '2023-12-21 05:36:25', NULL),
(418, 'loup', 'm', 'le', 'lou', 'Grand loup Petit loup', '/cards-illustrations/loup.svg', 'lpc', NULL, '', '2023-12-21 05:36:25', NULL),
(419, 'Luge', 'f', 'La', 'lu,j', 'L’hiver de la famille souris', '/cards-illustrations/Luge.svg', 'lpc', NULL, '', '2023-12-21 05:36:25', NULL),
(420, 'Luge', 'f', 'La', '', 'L’hiver de la famille souris', '/cards-illustrations/Luge.svg', 'lsf', NULL, '/lsf-images/Luge - 0171.jpg', '2023-12-21 05:36:25', NULL),
(421, 'Lui', 'a', '', 'l,ui', 'Qui, quoi, où ?', '/cards-illustrations/Lui.svg', 'lpc', NULL, '', '2023-12-21 05:36:25', NULL),
(422, 'Lui', 'a', '', '', 'Qui, quoi, où ?', '/cards-illustrations/Lui.svg', 'lsf', NULL, '/lsf-images/Lui - 0356.jpg', '2023-12-21 05:36:25', NULL),
(423, 'Lumière', 'f', 'La', '', 'Une rencontre', '/cards-illustrations/Lumiere.svg', 'lsf', NULL, '/lsf-images/Lumiere N°1 - 0186.jpg|/lsf-images/lumiere_ndeg2_-_0187.jpg', '2023-12-21 05:36:25', NULL),
(424, 'Lune', 'f', 'La', 'lu,n', 'Une rencontre', '/cards-illustrations/Lune.svg', 'lpc', NULL, '', '2023-12-21 05:36:25', NULL),
(425, 'Lune', 'f', 'La', '', 'Une rencontre', '/cards-illustrations/Lune.svg', 'lsf', NULL, '/lsf-images/Lune - 0185.jpg', '2023-12-21 05:36:25', NULL),
(426, 'Magique', 'a', '', 'ma,ji,k', 'Les boîtes à mots', '/cards-illustrations/magie.svg', 'lpc', NULL, '', '2023-12-21 05:36:25', NULL),
(427, 'Main', 'f', 'La', 'min', 'Ta main dans ma main', '/cards-illustrations/Main.svg', 'lpc', NULL, '', '2023-12-21 05:36:25', NULL),
(428, 'Main', 'f', 'La', '', 'Mon oiseau', '/cards-illustrations/Main.svg', 'lsf', NULL, '/lsf-images/Main N°1 - 0098.jpg|/lsf-images/main_ndeg2_-_0099.jpg', '2023-12-21 05:36:25', NULL),
(429, 'Main', 'f', 'La', '', 'Pourquoi ?', '/cards-illustrations/Main.svg', 'lsf', NULL, '/lsf-images/main_ndeg1_-_0098.jpg|/lsf-images/main_ndeg2_-_0099_0.jpg', '2023-12-21 05:36:25', NULL),
(430, 'Mais', 'a', '', 'mè', 'Mais qui vit là?', '/cards-illustrations/Mais.svg', 'lpc', NULL, '', '2023-12-21 05:36:25', NULL),
(431, 'Mais', 'a', '', '', 'Mais qui vit là?', '/cards-illustrations/Mais.svg', 'lsf', NULL, '/lsf-images/Mais N°1 - 0208.jpg|/lsf-images/mais_ndeg2_-_0209.jpg', '2023-12-21 05:36:25', NULL),
(432, 'Maison', 'f', 'La', 'mè,zon', 'Dans ma maison', '/cards-illustrations/Maison.svg', 'lpc', NULL, '', '2023-12-21 05:36:25', NULL),
(433, 'Maison', 'f', 'La', 'mè,zon', 'La nature', '/cards-illustrations/Maison.svg', 'lpc', NULL, '', '2023-12-21 05:36:25', NULL),
(434, 'Maison', 'f', 'La', 'mè,zon', 'Quatre petits coins de rien du tout', '/cards-illustrations/Maison.svg', 'lpc', NULL, '', '2023-12-21 05:36:25', NULL),
(435, 'Maison', 'f', 'La', '', 'Qu’est-ce que c’est ?', '/cards-illustrations/Maison.svg', 'lsf', NULL, '/lsf-images/Maison - 0198.jpg', '2023-12-21 05:36:25', NULL),
(436, 'Maison', 'f', 'La', '', 'Dans ma maison', '/cards-illustrations/Maison.svg', 'lsf', NULL, '/lsf-images/Maison - 0198.jpg', '2023-12-21 05:36:25', NULL),
(437, 'Maîtresse', 'f', 'La', '', 'Rien qu’une fois', '/cards-illustrations/Maitresse.svg', 'lsf', NULL, '/lsf-images/Maitresse N°1 - 0221.jpg|/lsf-images/maitresse_ndeg2_-_0222.jpg', '2023-12-21 05:36:25', NULL),
(438, 'Maman', 'f', 'La', 'ma,man', 'Dis-moi ?', '/cards-illustrations/Maman.svg', 'lpc', NULL, '', '2023-12-21 05:36:25', NULL),
(439, 'Maman', 'f', 'La', 'ma,man', 'La provision de bisous de Zou', '/cards-illustrations/Maman.svg', 'lpc', NULL, '', '2023-12-21 05:36:25', NULL),
(440, 'Maman', 'f', 'La', 'ma,man', 'Pourquoi ?', '/cards-illustrations/Maman.svg', 'lpc', NULL, '', '2023-12-21 05:36:25', NULL),
(441, 'Maman', 'f', 'La', 'ma,man', 'Sur les genoux de maman', '/cards-illustrations/Maman.svg', 'lpc', NULL, '', '2023-12-21 05:36:25', NULL),
(442, 'Maman', 'f', 'La', 'ma,man', 'Un peu perdu', '/cards-illustrations/Maman.svg', 'lpc', NULL, '', '2023-12-21 05:36:25', NULL),
(443, 'Maman', 'f', 'La', '', 'Un peu perdu', '/cards-illustrations/Maman.svg', 'lsf', NULL, '/lsf-images/Maman - 0563.jpg', '2023-12-21 05:36:25', NULL),
(444, 'Maman', 'f', '', 'ma,man', 'Maman Ours', '/cards-illustrations/maman.svg', 'lpc', NULL, '', '2023-12-21 05:36:25', NULL),
(445, 'mammouth', 'm', 'Le', 'ma,mou,te', 'ça suffit mammouth', '/cards-illustrations/mammouth.svg', 'lpc', NULL, '', '2023-12-21 05:36:25', NULL),
(446, 'manchot', 'm', 'Le ', 'man,cheau', 'Splat et la sortie de classe', '', 'lpc', NULL, '', '2023-12-21 05:36:25', NULL),
(447, 'manchot', 'm', 'Le', 'man,cho', 'Splat et la sortie de classe', '/cards-illustrations/manchot.svg', 'lpc', NULL, '', '2023-12-21 05:36:25', NULL),
(448, 'Manger', 'v', '', 'man,jé', 'Bon appétit! Monsieur Lapin', '/cards-illustrations/Manger.svg', 'lpc', NULL, '', '2023-12-21 05:36:25', NULL),
(449, 'Manger', 'v', '', 'man,jé', 'Et si je mangeais ma soupe?', '/cards-illustrations/Manger.svg', 'lpc', NULL, '', '2023-12-21 05:36:25', NULL),
(450, 'Manger', 'v', '', 'man,jé', 'Mon oiseau', '/cards-illustrations/Manger.svg', 'lpc', NULL, '', '2023-12-21 05:36:25', NULL),
(451, 'Manger', 'v', '', '', 'Bon appétit! Monsieur Lapin', '/cards-illustrations/Manger.svg', 'lsf', NULL, '/lsf-images/Manger N°1 - 0415.jpg|/lsf-images/manger_ndeg2_-_0416_0.jpg', '2023-12-21 05:36:25', NULL),
(452, 'Manger', 'v', '', '', 'Et si je mangeais ma soupe?', '/cards-illustrations/Manger.svg', 'lsf', NULL, '/lsf-images/Manger N°1 - 0415.jpg|/lsf-images/manger_ndeg2_-_0416.jpg', '2023-12-21 05:36:25', NULL),
(453, 'Manteau', 'm', 'Le', 'man,teau', 'Le petit chaperon rouge', '/cards-illustrations/Manteau.svg', 'lpc', NULL, '', '2023-12-21 05:36:25', NULL),
(454, 'Manteau', 'm', 'Le', '', 'Le petit chaperon rouge', '/cards-illustrations/Manteau.svg', 'lsf', NULL, '/lsf-images/Manteau N°1 - 0558.jpg|/lsf-images/manteau_ndeg2_-_0559.jpg', '2023-12-21 05:36:25', NULL),
(455, 'manteau', 'm', 'Le', 'man,teau', 'Et pourquoi?', '/cards-illustrations/manteau.svg', 'lpc', NULL, '', '2023-12-21 05:36:25', NULL),
(456, 'Marcher', 'v', '', '', 'Le parapluie jaune', '/cards-illustrations/Marcher.svg', 'lsf', NULL, '/lsf-images/Marcher - 0349.jpg', '2023-12-21 05:36:25', NULL),
(457, 'Marcher', 'v', '', '', 'Pourquoi ?', '/cards-illustrations/Marcher.svg', 'lsf', NULL, '/lsf-images/Marcher - 0349.jpg', '2023-12-21 05:36:25', NULL),
(458, 'Matin', 'm', 'Le', 'ma,tin', 'Atchoum', '/cards-illustrations/Matin.svg', 'lpc', NULL, '', '2023-12-21 05:36:25', NULL),
(459, 'Matin', 'm', 'Le', '', 'Atchoum', '/cards-illustrations/Matin.svg', 'lsf', NULL, '/lsf-images/Matin N°1 - 0547.jpg|/lsf-images/matin_ndeg2_-_0548.jpg', '2023-12-21 05:36:25', NULL),
(460, 'Meilleur', 'a', '', '', 'La tarte aux fées', '/cards-illustrations/mieux_meilleur.svg', 'lsf', NULL, '/lsf-images/Meilleur N°1 - 0158.jpg|/lsf-images/meilleur_ndeg2_-_0159.jpg', '2023-12-21 05:36:25', NULL),
(461, 'Menton', 'm', 'Le', 'man,ton', 'Atchoum', '/cards-illustrations/Menton.svg', 'lpc', NULL, '', '2023-12-21 05:36:25', NULL),
(462, 'Menton', 'm', 'Le', '', 'Atchoum', '/cards-illustrations/Menton.svg', 'lsf', NULL, '/lsf-images/Menton - 0546.jpg', '2023-12-21 05:36:25', NULL),
(463, 'Mer', 'f', 'La', 'mè,re', 'La nature', '/cards-illustrations/Mer.svg', 'lpc', NULL, '', '2023-12-21 05:36:25', NULL),
(464, 'Mer', 'f', 'La', 'mè,r', 'Océano', '/cards-illustrations/Mer.svg', 'lpc', NULL, '', '2023-12-21 05:36:25', NULL),
(465, 'Mer', 'f', 'La', 'mè,r', 'Poisson et chat', '/cards-illustrations/Mer.svg', 'lpc', NULL, '', '2023-12-21 05:36:25', NULL),
(466, 'Mer', 'f', 'La', '', 'Océano', '/cards-illustrations/Mer.svg', 'lsf', NULL, '/lsf-images/mer_ndeg2_-_0238_0.jpg', '2023-12-21 05:36:25', NULL),
(467, 'Mer', 'f', 'La', '', 'La nature', '/cards-illustrations/Mer.svg', 'lsf', NULL, '/lsf-images/Mer N°1 - 0237.jpg|/lsf-images/mer_ndeg2_-_0238.jpg', '2023-12-21 05:36:25', NULL),
(468, 'Merci', 'a', '', 'mè,r,si', 'Merci le vent', '/cards-illustrations/Merci.svg', 'lpc', NULL, '', '2023-12-21 05:36:25', NULL),
(469, 'Moi', 'a', '', 'm,wa', 'Petit oubli', '/cards-illustrations/Moi.svg', 'lpc', NULL, '', '2023-12-21 05:36:25', NULL),
(470, 'Monde', 'm', 'Le', 'mon,d', 'Ta main dans ma main', '/cards-illustrations/Monde.svg', 'lpc', NULL, '', '2023-12-21 05:36:25', NULL),
(471, 'Monstre', 'm', 'Le', '', 'Le monstre des couleurs', '/cards-illustrations/Monstre.svg', 'lsf', NULL, '/lsf-images/Monstre - 0319.jpg', '2023-12-21 05:36:25', NULL),
(472, 'monstre', 'm', 'Le', 'mon,s,t,re', 'Le monstre des couleurs va à l\'école', '/cards-illustrations/monstre.svg', 'lpc', NULL, '', '2023-12-21 05:36:25', NULL),
(473, 'Morse', 'm', 'Le', '', 'Bloup bloup bloup', '/cards-illustrations/Morse.svg', 'lsf', NULL, '/lsf-images/Morse N°1 - 0482.jpg|/lsf-images/morse_ndeg2_-_0483.jpg', '2023-12-21 05:36:25', NULL),
(474, 'morse', 'm', 'Le', 'mo,r,se', 'Banquise blues', '/cards-illustrations/morse.svg', 'lpc', NULL, '', '2023-12-21 05:36:25', NULL),
(475, 'Mort', 'a', '', 'mo,r', 'Dis papa est-ce que les dinosaures sont morts ?', '/cards-illustrations/Mort.svg', 'lpc', NULL, '', '2023-12-21 05:36:25', NULL),
(476, 'Mort', 'a', '', '', 'Dis papa est-ce que les dinosaures sont morts ?', '/cards-illustrations/Mort.svg', 'lsf', NULL, '/lsf-images/Mort N°1 - 0051.jpg|/lsf-images/mort_ndeg2_-_0052.jpg', '2023-12-21 05:36:25', NULL),
(477, 'Mot', 'm', 'Le', 'mo', 'Rien qu’une fois', '/cards-illustrations/Mot.svg', 'lpc', NULL, '', '2023-12-21 05:36:25', NULL),
(478, 'Mot', 'm', 'Le', '', 'Rien qu’une fois', '/cards-illustrations/Mot.svg', 'lsf', NULL, '/lsf-images/Mot - 0218.jpg', '2023-12-21 05:36:25', NULL),
(479, 'Moto', 'f', 'La', 'mo,to', 'Trouvinettes', '/cards-illustrations/Moto.svg', 'lpc', NULL, '', '2023-12-21 05:36:25', NULL),
(480, 'mots', 'm', 'Les', 'meau', 'Les boîtes à mots', '/cards-illustrations/mot.svg', 'lpc', NULL, '', '2023-12-21 05:36:25', NULL),
(481, 'Mouche', 'f', 'La', 'mou,ch', 'C’est dingue !', '/cards-illustrations/Mouche.svg', 'lpc', NULL, '', '2023-12-21 05:36:25', NULL),
(482, 'Mouche', 'f', 'La', 'mou,ch', 'Nous ce qu’on préfère', '/cards-illustrations/Mouche.svg', 'lpc', NULL, '', '2023-12-21 05:36:25', NULL),
(483, 'Mouche', 'f', 'La', '', 'C’est dingue !', '/cards-illustrations/Mouche.svg', 'lsf', NULL, '/lsf-images/Mouche - 0305.jpg', '2023-12-21 05:36:25', NULL),
(484, 'Mouche', 'f', 'La', '', 'Nous ce qu’on préfère', '/cards-illustrations/Mouche.svg', 'lsf', NULL, '/lsf-images/Mouche - 0305.jpg', '2023-12-21 05:36:25', NULL),
(485, 'Mouf', 'a', '', 'mou,f', 'Où est Mouf ?', '', 'lpc', NULL, '', '2023-12-21 05:36:25', NULL),
(486, 'Moufle', 'f', 'La', 'mou,f,l', 'La moufle', '/cards-illustrations/Moufle.svg', 'lpc', NULL, '', '2023-12-21 05:36:25', NULL),
(487, 'Moufle', 'f', 'La', '', 'La moufle', '/cards-illustrations/Moufle.svg', 'lsf', NULL, '/lsf-images/Moufle - 0316.jpg', '2023-12-21 05:36:25', NULL),
(488, 'mousse', 'f', 'La', 'mou,s', 'Le bain de Berk', '', 'lpc', NULL, '', '2023-12-21 05:36:25', NULL),
(489, 'Mur', 'm', 'Le', 'mu,r', 'Ouste ! attention aux ours', '/cards-illustrations/Mur.svg', 'lpc', NULL, '', '2023-12-21 05:36:25', NULL),
(490, 'Mur', 'm', 'Le', '', 'Le jour où j’ai perdu mes supers pouvoirs', '/cards-illustrations/Mur.svg', 'lsf', NULL, '/lsf-images/Mur N°1 - 0062.jpg|/lsf-images/mur_ndeg2_-_0064.jpg', '2023-12-21 05:36:25', NULL),
(491, 'Musique ', 'f', 'La', '', 'Les instruments', '/cards-illustrations/Musique.svg', 'lsf', NULL, '/lsf-images/Musique N°1- 0521.jpg|/lsf-images/musique_ndeg2-_0522.jpg', '2023-12-21 05:36:25', NULL),
(492, 'Nager', 'v', '', 'na,jé', 'Splat et la sortie de classe', '', 'lpc', NULL, '', '2023-12-21 05:36:25', NULL),
(493, 'nain', 'm', 'le ', 'nin', 'C\'est moi le plus fort', '', 'lpc', NULL, '', '2023-12-21 05:36:25', NULL),
(494, 'Neige', 'f', 'La', 'nè,j', 'L’hiver de la famille souris', '/cards-illustrations/Neige.svg', 'lpc', NULL, '', '2023-12-21 05:36:25', NULL),
(495, 'Neige', 'f', 'La', 'nè,j', 'Sophie et sa courge', '/cards-illustrations/Neige.svg', 'lpc', NULL, '', '2023-12-21 05:36:25', NULL),
(496, 'Neige', 'f', 'La', 'nè,j', 'Une rencontre', '/cards-illustrations/Neige.svg', 'lpc', NULL, '', '2023-12-21 05:36:25', NULL),
(497, 'Neige', 'f', 'La', 'nè,j', 'Neige, le blanc et les couleurs', '/cards-illustrations/Neige.svg', 'lpc', NULL, '', '2023-12-21 05:36:25', NULL),
(498, 'Neige', 'f', 'La', '', 'L’hiver de la famille souris', '/cards-illustrations/Neige.svg', 'lsf', NULL, '/lsf-images/Neige N°1 - 0167.jpg', '2023-12-21 05:36:25', NULL),
(499, 'Neige', 'f', 'La', '', 'Sophie et sa courge', '/cards-illustrations/Neige.svg', 'lsf', NULL, '/lsf-images/Neige N°1 - 0167.jpg', '2023-12-21 05:36:25', NULL),
(500, 'neige', 'f', 'La', 'nè,je', 'Blanche-Neige', '/cards-illustrations/neige.svg', 'lpc', NULL, '', '2023-12-21 05:36:25', NULL),
(501, 'Neige (flocons)', 'f', 'La', '', 'L’hiver de la famille souris', '/cards-illustrations/Neige.svg', 'lsf', NULL, '/lsf-images/Neige (flocons) N°1-0162.jpg|/lsf-images/neige_flocons_ndeg2-164_0.jpg', '2023-12-21 05:36:25', NULL),
(502, 'Neige (flocons)', 'f', 'La', '', 'Sophie et sa courge', '/cards-illustrations/Neige.svg', 'lsf', NULL, '/lsf-images/Neige (flocons) N°1-0162.jpg|/lsf-images/neige_flocons_ndeg2-164.jpg', '2023-12-21 05:36:25', NULL),
(503, 'Nid', 'm', 'Le', 'ni', 'L’Afrique de Zigomar', '/cards-illustrations/NId.svg', 'lpc', NULL, '', '2023-12-21 05:36:25', NULL),
(504, 'Nid', 'm', 'Le', 'ni', 'Un peu perdu', '/cards-illustrations/NId.svg', 'lpc', NULL, '', '2023-12-21 05:36:25', NULL),
(505, 'Nid', 'm', 'Le', '', 'L’Afrique de Zigomar', '/cards-illustrations/NId.svg', 'lsf', NULL, '/lsf-images/Nid N°1 - 0594.jpg|/lsf-images/nid_ndeg2_-_0595_0.jpg', '2023-12-21 05:36:25', NULL),
(506, 'Nid', 'm', 'Le', '', 'Un peu perdu', '/cards-illustrations/NId.svg', 'lsf', NULL, '/lsf-images/Nid N°1 - 0594.jpg|/lsf-images/nid_ndeg2_-_0595.jpg', '2023-12-21 05:36:25', NULL),
(507, 'Noir', 'a', '', 'n,wa,r', 'Un livre', '/cards-illustrations/Noir.svg', 'lpc', NULL, '', '2023-12-21 05:36:25', NULL),
(508, 'Noir', 'a', '', '', 'Le lapin noir', '/cards-illustrations/Noir.svg', 'lsf', NULL, '/lsf-images/Noir - 0249.jpg', '2023-12-21 05:36:25', NULL),
(509, 'Noisette', 'f', 'La', '', 'Frisson l’écureuil', '/cards-illustrations/Noisette.svg', 'lsf', NULL, '/lsf-images/Noisette - 0025.jpg', '2023-12-21 05:36:25', NULL),
(510, 'noisette', 'f', 'la', 'n,wa,zè,te', 'Bientôt l\'hiver', '/cards-illustrations/noisette.svg', 'lpc', NULL, '', '2023-12-21 05:36:25', NULL),
(511, 'noisette', 'f', 'La', 'n,wa,zè,te', 'Bientôt l\'hiver', '/cards-illustrations/noisette_0.svg', 'lpc', NULL, '', '2023-12-21 05:36:25', NULL),
(512, 'Non', 'a', '', 'non', 'La colère du dragon', '/cards-illustrations/Non.svg', 'lpc', NULL, '', '2023-12-21 05:36:25', NULL),
(513, 'Non', 'a', '', 'non', 'Où est Mouf ?', '/cards-illustrations/Non.svg', 'lpc', NULL, '', '2023-12-21 05:36:25', NULL),
(514, 'Non', 'a', '', 'non', 'ça suffit mammouth', '/cards-illustrations/non.svg', 'lpc', NULL, '', '2023-12-21 05:36:25', NULL),
(515, 'Non (version 1)', 'a', '', '', 'La colère du dragon', '/cards-illustrations/Non.svg', 'lsf', NULL, '/lsf-images/Non (version 1) - 0429.jpg', '2023-12-21 05:36:25', NULL),
(516, 'Non (version 2)', 'a', '', '', 'Où est Mouf ?', '/cards-illustrations/Non.svg', 'lsf', NULL, '/lsf-images/Non (version 2) - 0431.jpg', '2023-12-21 05:36:25', NULL),
(517, 'Nourri', 'a', '', 'nou,ri', 'Hier je t’ai…', '/cards-illustrations/Nourri.svg', 'lpc', NULL, '', '2023-12-21 05:36:25', NULL),
(518, 'Nuit', 'f', 'La', 'n,ui', 'Une rencontre', '/cards-illustrations/Nuit.svg', 'lpc', NULL, '', '2023-12-21 05:36:25', NULL),
(519, 'Nuit', 'f', 'La', '', 'Poisson et chat', '/cards-illustrations/Nuit.svg', 'lsf', NULL, '/lsf-images/Nuit N°1 - 0045.jpg|/lsf-images/nuit_ndeg2_-_0046_0.jpg', '2023-12-21 05:36:25', NULL),
(520, 'Nuit', 'f', 'La', '', 'Ouaf, miaou, cui-cui', '/cards-illustrations/Nuit.svg', 'lsf', NULL, '/lsf-images/Nuit N°1 - 0045.jpg|/lsf-images/nuit_ndeg2_-_0046.jpg', '2023-12-21 05:36:25', NULL),
(521, 'nuit', 'f', 'La', 'n,n', 'Le lapin, la nuit et la boîte à biscuits', '', 'lpc', NULL, '', '2023-12-21 05:36:25', NULL),
(522, 'nuit', 'f', 'La', 'n,ui', 'Le lapin, la nuit et la boîte à biscuits', '', 'lpc', NULL, '', '2023-12-21 05:36:25', NULL),
(523, 'nuit', 'f', 'La', 'n,ui', 'L\'enfant, la baleine et l\'hiver', '', 'lpc', NULL, '', '2023-12-21 05:36:25', NULL),
(524, 'Oeil', 'm', 'L\'', 'e,y', 'Dis papa est-ce que les dinosaures sont morts ?', '/cards-illustrations/oeil.svg', 'lpc', NULL, '', '2023-12-21 05:36:25', NULL),
(525, 'Oeuf', 'm', 'L\'', '', 'Voici un oeuf', '/cards-illustrations/oeuf_1.svg', 'lsf', NULL, '/lsf-images/oeuf_ndeg1_-_0498.jpg|/lsf-images/oeuf_ndeg2_-_0499.jpg', '2023-12-21 05:36:25', NULL),
(526, 'oeufs', 'm', 'Les', 'zeu', 'Maman Ours', '/cards-illustrations/oeuf_1_0.svg', 'lpc', NULL, '', '2023-12-21 05:36:25', NULL),
(527, 'Oie', 'f', 'L\'', '', 'L’Afrique de Zigomar', '/cards-illustrations/Oie.svg', 'lsf', NULL, '/lsf-images/oie_ndeg1_-_0119.jpg|/lsf-images/oie_ndeg2_-_0120.jpg', '2023-12-21 05:36:25', NULL),
(528, 'oie', 'f', 'L\'', 'wa', 'Maman Ours', '/cards-illustrations/oie.svg', 'lpc', NULL, '', '2023-12-21 05:36:25', NULL),
(529, 'Oiseau', 'm', 'L\'', 'wa,zeau', 'Il était plusieurs fois une forêt', '/cards-illustrations/Oiseau.svg', 'lpc', NULL, '', '2023-12-21 05:36:25', NULL),
(530, 'Oiseau', 'm', 'L\'', 'wa,zeau', 'L’Afrique de Zigomar', '/cards-illustrations/Oiseau.svg', 'lpc', NULL, '', '2023-12-21 05:36:25', NULL),
(531, 'Oiseau', 'm', 'L\'', 'wa,zeau', 'Les instruments', '/cards-illustrations/Oiseau.svg', 'lpc', NULL, '', '2023-12-21 05:36:25', NULL),
(532, 'Oiseau', 'm', 'L\'', 'wa,zeau', 'Mon oiseau', '/cards-illustrations/Oiseau.svg', 'lpc', NULL, '', '2023-12-21 05:36:25', NULL),
(533, 'Oiseau', 'm', 'L\'', 'wa,zeau', 'Ouaf, miaou, cui-cui', '/cards-illustrations/Oiseau.svg', 'lpc', NULL, '', '2023-12-21 05:36:25', NULL),
(534, 'Oiseau', 'm', 'L\'', '', 'Il était plusieurs fois une forêt', '/cards-illustrations/Oiseau.svg', 'lsf', NULL, '/lsf-images/Oiseau - 0204.jpg', '2023-12-21 05:36:25', NULL),
(535, 'Oiseau', 'm', 'L\'', '', 'La nature', '/cards-illustrations/Oiseau.svg', 'lsf', NULL, '/lsf-images/Oiseau - 0204.jpg', '2023-12-21 05:36:25', NULL),
(536, 'OK', 'a', '', 'o,kè', 'Un peu perdu', '/cards-illustrations/OK.svg', 'lpc', NULL, '', '2023-12-21 05:36:25', NULL),
(537, 'Oreille', 'f', 'L\'', '', 'Pourquoi ?', '/cards-illustrations/Oreille.svg', 'lsf', NULL, '/lsf-images/Oreille - 0471.jpg', '2023-12-21 05:36:25', NULL),
(538, 'Os', 'm', 'L\'', 'o,s', 'Dis papa est-ce que les dinosaures sont morts ?', '/cards-illustrations/Os.svg', 'lpc', NULL, '', '2023-12-21 05:36:25', NULL),
(539, 'Où', 'a', '', 'ou', 'Qui, quoi, où ?', '/cards-illustrations/Ou.svg', 'lpc', NULL, '', '2023-12-21 05:36:25', NULL),
(540, 'Où', 'a', '', '', 'Qui, quoi, où ?', '/cards-illustrations/Ou.svg', 'lsf', NULL, '/lsf-images/ou_-_0269.jpg', '2023-12-21 05:36:25', NULL),
(541, 'Où', 'a', '', '', 'Où est Mouf ?', '/cards-illustrations/Ou.svg', 'lsf', NULL, '/lsf-images/ou_-_0269_0.jpg', '2023-12-21 05:36:25', NULL),
(542, 'Où', 'a', '', 'ou', 'Où êtes-vous', '/cards-illustrations/ou.svg', 'lpc', NULL, '', '2023-12-21 05:36:25', NULL),
(543, 'Oublier', 'v', '', '', 'Petit oubli', '/cards-illustrations/Oublier.svg', 'lsf', NULL, '/lsf-images/Oublier N°1 - 0184.jpg|/lsf-images/oublier_ndeg2_-_0185.jpg', '2023-12-21 05:36:25', NULL),
(544, 'OUF!', 'a', '', 'ou,f', 'Atchoum', '/cards-illustrations/Ouf.svg', 'lpc', NULL, '', '2023-12-21 05:36:25', NULL),
(545, 'Ouh la la !', 'a', '', 'ou,la,la', 'Trois petits pois', '/cards-illustrations/Ouh la la.svg', 'lpc', NULL, '', '2023-12-21 05:36:25', NULL),
(546, 'Oui', 'a', '', 'wi', 'Où est Mouf ?', '/cards-illustrations/Oui.svg', 'lpc', NULL, '', '2023-12-21 05:36:25', NULL),
(547, 'Oui', 'a', '', '', 'Où est Mouf ?', '/cards-illustrations/Oui.svg', 'lsf', NULL, '/lsf-images/Oui N°1 - 0417.jpg|/lsf-images/oui_ndeg2_-_0418.jpg', '2023-12-21 05:36:25', NULL),
(548, 'Oui', 'a', '', 'wi', '(attention, il y a erreur ! \"oui\" se code à la bouche !!! A changer ! Idem pour la carte initiale', '', 'lpc', NULL, '', '2023-12-21 05:36:25', NULL),
(549, 'Ours', 'm', 'L\'', 'ou,r,s', 'Ouvre ce petit livre', '/cards-illustrations/Ours.svg', 'lpc', NULL, '', '2023-12-21 05:36:25', NULL),
(550, 'Ours', 'm', 'L\'', 'ou,r,s', '1,2,3 banquise', '/cards-illustrations/Ours.svg', 'lpc', NULL, '', '2023-12-21 05:36:25', NULL),
(551, 'Ours', 'm', 'L\'', '', 'Igor et Natacha', '/cards-illustrations/Ours.svg', 'lsf', NULL, '/lsf-images/Ours N°1 - 0285.jpg|/lsf-images/ours_ndeg2_-_0286.jpg', '2023-12-21 05:36:25', NULL),
(552, 'ours', 'm', 'L\'', 'ou,r,s', 'La chasse à l\'ours', '/cards-illustrations/ours.svg', 'lpc', NULL, '', '2023-12-21 05:36:25', NULL),
(553, 'Ouvrir', 'v', '', '', 'Ouvre ce petit livre', '/cards-illustrations/Ouvrir.svg', 'lsf', NULL, '/lsf-images/Ouvrir N°1 - 0381.jpg|/lsf-images/ouvrir_ndeg2_-_0382.jpg', '2023-12-21 05:36:25', NULL),
(554, 'pain', 'm', 'Le', 'pin', 'Beau bon', '/cards-illustrations/pain.svg', 'lpc', NULL, '', '2023-12-21 05:36:25', NULL),
(555, 'Panier', 'm', 'Le', '', 'Les trois pommiers', '/cards-illustrations/Panier.svg', 'lsf', NULL, '/lsf-images/Panier N°1 - 0585.jpg|/lsf-images/panier_ndeg1_-_0586_0.jpg', '2023-12-21 05:36:25', NULL),
(556, 'Panier', 'm', 'Le', '', 'Les trois pommiers', '/cards-illustrations/Panier.svg', 'lsf', NULL, '/lsf-images/panier_ndeg1_-_0585.jpg|/lsf-images/panier_ndeg1_-_0586.jpg', '2023-12-21 05:36:25', NULL),
(557, 'Papa', 'm', 'Le', 'pa,pa', 'Bloup bloup bloup', '/cards-illustrations/Papa.svg', 'lpc', NULL, '', '2023-12-21 05:36:25', NULL),
(558, 'Papa', 'm', 'Le', 'pa,pa', 'Dis-moi ?', '/cards-illustrations/Papa.svg', 'lpc', NULL, '', '2023-12-21 05:36:25', NULL),
(559, 'Papa', 'm', 'Le', 'pa,pa', 'La provision de bisous de Zou', '/cards-illustrations/Papa.svg', 'lpc', NULL, '', '2023-12-21 05:36:25', NULL),
(560, 'Papa', 'm', 'Le', 'pa,pa', 'Avec moi c\'est comme ça', '/cards-illustrations/Papa.svg', 'lpc', NULL, '', '2023-12-21 05:36:25', NULL),
(561, 'Papier', 'm', 'Le', 'pa,p,yé', 'Merci le vent', '/cards-illustrations/papier_0.svg', 'lpc', NULL, '', '2023-12-21 05:36:25', NULL),
(562, 'Papillon', 'm', 'Le', '', '31 Boîtes', '/cards-illustrations/Papillon.svg', 'lsf', NULL, '/lsf-images/Papillon - 0578.jpg', '2023-12-21 05:36:25', NULL),
(563, 'Paquet', 'm', 'Le', 'pa,kè', 'La tournée du facteur Souris', '/cards-illustrations/Paquet.svg', 'lpc', NULL, '', '2023-12-21 05:36:25', NULL),
(564, 'Parapluie', 'm', 'Le', '', 'Le parapluie jaune', '/cards-illustrations/Parapluie.svg', 'lsf', NULL, '/lsf-images/Parapluie N°1 - 0342.jpg', '2023-12-21 05:36:25', NULL),
(565, 'Parler', 'v', '', '', 'Ouvre ce petit livre', '/cards-illustrations/Parler.svg', 'lsf', NULL, '/lsf-images/Parler - 0390.jpg', '2023-12-21 05:36:25', NULL),
(566, 'Partager', 'v', '', 'pa,r,ta,jé', 'Pas touche', '/cards-illustrations/partager.svg', 'lpc', NULL, '', '2023-12-21 05:36:25', NULL),
(567, 'Patte', 'f', 'La', 'pa,t', 'Igor et Natacha', '/cards-illustrations/Patte.svg', 'lpc', NULL, '', '2023-12-21 05:36:25', NULL),
(568, 'Patte', 'f', 'La', 'pa,t', 'La moufle', '/cards-illustrations/Patte.svg', 'lpc', NULL, '', '2023-12-21 05:36:25', NULL),
(569, 'Patte', 'f', 'La', 'pa,t', 'Voici un oeuf', '/cards-illustrations/Patte.svg', 'lpc', NULL, '', '2023-12-21 05:36:25', NULL),
(570, 'Pattes', 'f', 'La', '', 'Voici un oeuf', '/cards-illustrations/Patte.svg', 'lsf', NULL, '/lsf-images/Pattes - 0500.jpg', '2023-12-21 05:36:25', NULL),
(571, 'Perdre', 'v', '', '', 'Le jour où j’ai perdu mes supers pouvoirs', '/cards-illustrations/Perdre.svg', 'lsf', NULL, '/lsf-images/Perdre N°1 - 0065.jpg|/lsf-images/perdre_ndeg2_-_0067.jpg', '2023-12-21 05:36:25', NULL),
(572, 'Perdu', 'a', '', '', 'Un peu perdu', '/cards-illustrations/Perdre.svg', 'lsf', NULL, '/lsf-images/Perdu N°1 - 0590.jpg|/lsf-images/perdu_ndeg2_-_0591.jpg', '2023-12-21 05:36:25', NULL),
(573, 'Petit', 'a', '', 'pe,ti', 'Ouvre ce petit livre', '/cards-illustrations/Petit.svg', 'lpc', NULL, '', '2023-12-21 05:36:25', NULL),
(574, 'Petit', 'a', '', 'pe,ti', 'Petit oubli', '/cards-illustrations/Petit.svg', 'lpc', NULL, '', '2023-12-21 05:36:25', NULL),
(575, 'Petit', 'a', '', 'pe,ti', 'Grand loup petit loup', '/cards-illustrations/petit.svg', 'lpc', NULL, '', '2023-12-21 05:36:25', NULL),
(576, 'Petit pois', 'm', 'Le', '', 'Trois petits pois', '/cards-illustrations/Petit pois.svg', 'lsf', NULL, '/lsf-images/Petit pois - 0251.jpg', '2023-12-21 05:36:25', NULL),
(577, 'Peur', 'f', 'La', 'pe,r', 'Le crocodile qui avait peur de l’eau', '/cards-illustrations/Peur.svg', 'lpc', NULL, '', '2023-12-21 05:36:25', NULL),
(578, 'Peur', 'f', 'La', 'pe,r', 'Le monstre des couleurs', '/cards-illustrations/Peur.svg', 'lpc', NULL, '', '2023-12-21 05:36:25', NULL),
(579, 'Peur', 'f', 'La', '', 'Le crocodile qui avait peur de l’eau', '/cards-illustrations/Peur.svg', 'lsf', NULL, '/lsf-images/Peur N°1 - 0252.jpg|/lsf-images/peur_ndeg2_-_0253.jpg', '2023-12-21 05:36:25', NULL),
(580, 'peur', 'f', 'La', 'pe,r', 'La chasse à l\'ours', '/cards-illustrations/peur.svg', 'lpc', NULL, '', '2023-12-21 05:36:25', NULL),
(581, 'peureux', 'a', '', 'peu,reu', 'Aujourd\'hui je suis...', '', 'lpc', NULL, '', '2023-12-21 05:36:25', NULL),
(582, 'Picorer', 'v', '', '', 'Mon oiseau', '/cards-illustrations/Picorer.svg', 'lsf', NULL, '/lsf-images/Picorer N°1 - 0083.jpg|/lsf-images/picorer_ndeg2_-_0084.jpg', '2023-12-21 05:36:25', NULL),
(583, 'Pied', 'm', 'Le', 'p,yé', 'Et si je mangeais ma soupe?', '/cards-illustrations/Pied.svg', 'lpc', NULL, '', '2023-12-21 05:36:25', NULL),
(584, 'Pied', 'm', 'Le', 'p,yé', 'Pourquoi ?', '/cards-illustrations/Pied.svg', 'lpc', NULL, '', '2023-12-21 05:36:25', NULL),
(585, 'Pied', 'm', 'Le', '', 'Et si je mangeais ma soupe?', '/cards-illustrations/Pied.svg', 'lsf', NULL, '/lsf-images/Pied N°1 - 0552.jpg|/lsf-images/pied_ndeg2_-_0553_0.jpg', '2023-12-21 05:36:25', NULL),
(586, 'Pied', 'm', 'Le', '', 'Pourquoi ?', '/cards-illustrations/Pied.svg', 'lsf', NULL, '/lsf-images/Pied N°1 - 0552.jpg|/lsf-images/pied_ndeg2_-_0553.jpg', '2023-12-21 05:36:25', NULL),
(587, 'Plaisir', 'm', 'Le', '', 'Dangereux', '/cards-illustrations/Plaisir.svg', 'lsf', NULL, '/lsf-images/Plaisir - 0373.jpg', '2023-12-21 05:36:25', NULL),
(588, 'Pleurer', 'v', '', '', 'La provision de bisous de Zou', '/cards-illustrations/Pleurer.svg', 'lsf', NULL, '/lsf-images/Pleurer - 0567.jpg', '2023-12-21 05:36:25', NULL),
(589, 'Pleurer', 'v', '', 'p,le,ré', 'Un livre et plus encore', '/cards-illustrations/pleurer.svg', 'lpc', NULL, '', '2023-12-21 05:36:25', NULL),
(590, 'Plonger', 'v', '', '', 'Océano', '/cards-illustrations/Plonger.svg', 'lsf', NULL, '/lsf-images/Plonger N°1 - 0240.jpg|/lsf-images/plonger_ndeg2_-_0241.jpg', '2023-12-21 05:36:25', NULL),
(591, 'Plouf', 'a', '', 'p,lou,f', 'Bloup bloup bloup', '/cards-illustrations/Plonger.svg', 'lpc', NULL, '', '2023-12-21 05:36:25', NULL),
(592, 'Pluie', 'f', 'La', 'p,l,ui', 'Le parapluie vert', '/cards-illustrations/Pluie.svg', 'lpc', NULL, '', '2023-12-21 05:36:25', NULL),
(593, 'Pluie', 'f', 'La', '', 'Le parapluie vert', '/cards-illustrations/Pluie.svg', 'lsf', NULL, '/lsf-images/Pluie - 0272.jpg', '2023-12-21 05:36:25', NULL),
(594, 'Pluie', 'f', 'La', '', 'La nature', '/cards-illustrations/Pluie.svg', 'lsf', NULL, '/lsf-images/Pluie - 0272.jpg', '2023-12-21 05:36:25', NULL),
(595, 'Plume', 'f', 'La', 'p,lu,m', 'Mon oiseau', '/cards-illustrations/Plume.svg', 'lpc', NULL, '', '2023-12-21 05:36:25', NULL),
(596, 'Plus', 'a', '', 'p,lu,s', '1,2,3 banquise', '/cards-illustrations/Plus.svg', 'lpc', NULL, '', '2023-12-21 05:36:25', NULL),
(597, 'plus', 'a', '', 'p,lu,s', 'Bientôt l\'hiver', '/cards-illustrations/plus.svg', 'lpc', NULL, '', '2023-12-21 05:36:25', NULL),
(598, 'Plus', 'a', '', 'p,lu,s', 'Un livre et plus encore', '/cards-illustrations/plus_0.svg', 'lpc', NULL, '', '2023-12-21 05:36:25', NULL),
(599, 'Pois', 'm', 'Le', 'p,wa', 'Trois petits pois', '/cards-illustrations/Pois.svg', 'lpc', NULL, '', '2023-12-21 05:36:25', NULL),
(600, 'Poisson', 'm', 'Le', 'p,wa,son', 'Poisson et chat', '/cards-illustrations/Poisson.svg', 'lpc', NULL, '', '2023-12-21 05:36:25', NULL),
(601, 'poisson', 'm', 'Le ', 'p,wa,son', 'Lily cherche son chat', '', 'lpc', NULL, '', '2023-12-21 05:36:25', NULL),
(602, 'Pomme', 'f', 'La', 'po,m', 'Les trois pommiers', '/cards-illustrations/Pomme.svg', 'lpc', NULL, '', '2023-12-21 05:36:25', NULL),
(603, 'Pomme', 'f', 'La', '', 'Les trois pommiers', '/cards-illustrations/Pomme.svg', 'lsf', NULL, '/lsf-images/Pomme N°1 - 0583.jpg|/lsf-images/pomme_ndeg2_-_0584.jpg', '2023-12-21 05:36:25', NULL),
(604, 'pomme', 'f', 'La', 'po,me', 'Blanche-Neige', '/cards-illustrations/pomme.svg', 'lpc', NULL, '', '2023-12-21 05:36:25', NULL),
(605, 'pomme de pin', 'f', 'La', 'po,me,de,pin', 'Pas touche', '/cards-illustrations/pomme_de_pin.svg', 'lpc', NULL, '', '2023-12-21 05:36:25', NULL),
(606, 'Pompe', 'f', 'La', 'pon,p', 'Les Pompiers', '/cards-illustrations/Pompe.svg', 'lpc', NULL, '', '2023-12-21 05:36:25', NULL),
(607, 'Pompier', 'm', 'Le', 'pon,p,yé', 'Les Pompiers', '/cards-illustrations/Pompier.svg', 'lpc', NULL, '', '2023-12-21 05:36:25', NULL),
(608, 'Pompier', 'm', 'Le', '', 'Les Pompiers', '/cards-illustrations/Pompier.svg', 'lsf', NULL, '/lsf-images/Pompier N°1 - 0535.jpg|/lsf-images/pompier_ndeg2_-_0536.jpg', '2023-12-21 05:36:25', NULL),
(609, 'pompier', 'm', 'Le', 'pon,p,yé', 'Coincé', '/cards-illustrations/pompier.svg', 'lpc', NULL, '', '2023-12-21 05:36:25', NULL),
(610, 'Pont', 'm', 'Le', 'pon', 'Océano', '/cards-illustrations/Pont.svg', 'lpc', NULL, '', '2023-12-21 05:36:25', NULL),
(611, 'Pont', 'm', 'Le', 'pon', 'Ouste ! attention aux ours', '/cards-illustrations/Pont.svg', 'lpc', NULL, '', '2023-12-21 05:36:25', NULL),
(612, 'Pont', 'm', 'Le', '', 'Océano', '/cards-illustrations/Pont.svg', 'lsf', NULL, '/lsf-images/Pont N°1-0233.jpg|/lsf-images/pont_ndeg2-0234.jpg', '2023-12-21 05:36:25', NULL),
(613, 'Pot', 'm', 'Le', 'po', 'Le ça', '/cards-illustrations/Pot.svg', 'lpc', NULL, '', '2023-12-21 05:36:25', NULL),
(614, 'Poule', 'f', 'La', 'pou,l', 'Pou-poule !', '/cards-illustrations/Poule.svg', 'lpc', NULL, '', '2023-12-21 05:36:25', NULL),
(615, 'Poule', 'f', 'La', '', 'Pou-poule !', '/cards-illustrations/Poule.svg', 'lsf', NULL, '/lsf-images/Poule - 0433.jpg', '2023-12-21 05:36:25', NULL),
(616, 'Poule', 'f', 'La', '', 'Voici un oeuf', '/cards-illustrations/Poule.svg', 'lsf', NULL, '/lsf-images/Poule - 0433.jpg', '2023-12-21 05:36:25', NULL),
(617, 'Poupée', 'f', 'La', 'pou,pé', 'Les poupées c\'est pour les filles', '/cards-illustrations/Poupee.svg', 'lpc', NULL, '', '2023-12-21 05:36:25', NULL),
(618, 'Poupée', 'f', 'La', '', 'Sur les genoux de maman', '/cards-illustrations/Poupee.svg', 'lsf', NULL, '/lsf-images/Poupee - 0441.jpg', '2023-12-21 05:36:25', NULL),
(619, 'Poupée', 'f', 'La', '', 'Les poupées c\'est pour les filles', '/cards-illustrations/Poupee.svg', 'lsf', NULL, '/lsf-images/Poupee - 0441.jpg', '2023-12-21 05:36:25', NULL),
(620, 'Pourquoi', 'a', '', '', 'La colère du dragon', '/cards-illustrations/Pourquoi.svg', 'lsf', NULL, '/lsf-images/Pourquoi - 0132.jpg', '2023-12-21 05:36:25', NULL),
(621, 'Pourquoi', 'a', '', 'pou,r,k,wa', 'Et pourquoi?', '/cards-illustrations/pourquoi.svg', 'lpc', NULL, '', '2023-12-21 05:36:25', NULL),
(622, 'Pousser (grandir)', 'v', '', '', 'Trois petits pois', '/cards-illustrations/Pousser (grandir).svg', 'lsf', NULL, '/lsf-images/Pousser (grandir) N°1 - 0362.jpg|/lsf-images/pousser_grandir_ndeg2_-_0363.jpg', '2023-12-21 05:36:25', NULL),
(623, 'Préférer', 'v', '', '', 'Marre du rose', '/cards-illustrations/Preferer.svg', 'lsf', NULL, '/lsf-images/Preferer N°1-0231.jpg|/lsf-images/preferer_ndeg2-0232_0.jpg', '2023-12-21 05:36:25', NULL),
(624, 'Préférer', 'v', '', '', 'Nous ce qu’on préfère', '/cards-illustrations/Preferer.svg', 'lsf', NULL, '/lsf-images/Preferer N°1-0231.jpg|/lsf-images/preferer_ndeg2-0232.jpg', '2023-12-21 05:36:25', NULL),
(625, 'Préparer', 'v', '', '', 'Sophie et sa courge', '/cards-illustrations/Preparer.svg', 'lsf', NULL, '/lsf-images/Preparer - 0332.jpg', '2023-12-21 05:36:25', NULL),
(626, 'princesse', 'f', 'La', 'p,rin,sè,se', 'Blanche Neige', '', 'lpc', NULL, '', '2023-12-21 05:36:25', NULL),
(627, 'Printemps', 'm', 'Le', 'p,rin,tan', 'Neige, le blanc et les couleurs', '/cards-illustrations/Printemps.svg', 'lpc', NULL, '', '2023-12-21 05:36:25', NULL),
(628, 'Propre', 'a', '', '', 'Le ça', '/cards-illustrations/Propre.svg', 'lsf', NULL, '/lsf-images/Propre N°1 - 0301.jpg|/lsf-images/propre_ndeg2_-_0302.jpg', '2023-12-21 05:36:25', NULL),
(629, 'purée', 'f', 'La', 'pu,ré', 'Avec moi c\'est comme ça', '', 'lpc', NULL, '', '2023-12-21 05:36:25', NULL),
(630, 'Qu\'est-ce que c\'est?', 'a', '', '', 'Qu\'est-ce que c\'est ?', '/cards-illustrations/Qu\'est-ce que c\'est.svg', 'lsf', NULL, '/lsf-images/Qu\'est-ce que - 0402.jpg', '2023-12-21 05:36:25', NULL),
(631, 'Qui', 'a', '', 'ki', 'Mais qui vit là?', '/cards-illustrations/Qui-Quoi.svg', 'lpc', NULL, '', '2023-12-21 05:36:25', NULL),
(632, 'Qui', 'a', '', 'ki', 'Qui, quoi, où ?', '/cards-illustrations/Qui-Quoi.svg', 'lpc', NULL, '', '2023-12-21 05:36:25', NULL),
(633, 'Qui', 'a', '', '', 'Dis-moi ?', '/cards-illustrations/Qui-Quoi.svg', 'lsf', NULL, '/lsf-images/Qui - 0172.jpg', '2023-12-21 05:36:25', NULL),
(634, 'Qui', 'a', '', '', 'Qui, quoi, où ?', '/cards-illustrations/Qui-Quoi.svg', 'lsf', NULL, '/lsf-images/Qui - 0172.jpg', '2023-12-21 05:36:25', NULL),
(635, 'Qui', 'a', '', '', 'Mais qui vit là?', '/cards-illustrations/Qui-Quoi.svg', 'lsf', NULL, '/lsf-images/Qui - 0172.jpg', '2023-12-21 05:36:25', NULL),
(636, 'Quoi', 'a', '', 'k,wa', 'Qui, quoi, où ?', '/cards-illustrations/Qui-Quoi.svg', 'lpc', NULL, '', '2023-12-21 05:36:25', NULL),
(637, 'Quoi', 'a', '', '', 'La tarte aux fées', '/cards-illustrations/Qui-Quoi.svg', 'lsf', NULL, '/lsf-images/Quoi - 157.jpg', '2023-12-21 05:36:25', NULL),
(638, 'Raconter', 'v', '', 'ra,kon,té', 'Les boîtes à mots', '/cards-illustrations/raconter.svg', 'lpc', NULL, '', '2023-12-21 05:36:25', NULL),
(639, 'récré', 'f', 'La', 'ré,k,ré', 'Le monstre des couleurs va à l\'école', '', 'lpc', NULL, '', '2023-12-21 05:36:25', NULL),
(640, 'Regarder', 'v', '', '', 'Le monstre des couleurs', '/cards-illustrations/Regarder.svg', 'lsf', NULL, '/lsf-images/Regarder N°1 - 0326.jpg|/lsf-images/regarder_ndeg2_-_0327_0.jpg', '2023-12-21 05:36:25', NULL),
(641, 'Regarder(vu)', 'v', '', '', 'Atchoum', '/cards-illustrations/Regarder.svg', 'lsf', NULL, '/lsf-images/Regarder N°1 - 0326.jpg|/lsf-images/regarder_ndeg2_-_0327.jpg', '2023-12-21 05:36:25', NULL),
(642, 'Reine', 'f', 'La', 'rè,n', 'Rien qu’une fois', '/cards-illustrations/Reine.svg', 'lpc', NULL, '', '2023-12-21 05:36:25', NULL),
(643, 'reine', 'f', 'La ', 'rè,ne', 'Blanche-Neige', '/cards-illustrations/reine.svg', 'lpc', NULL, '', '2023-12-21 05:36:25', NULL);
INSERT INTO `Word_tbl` (`id`, `word`, `word_type`, `determinant`, `Syllab`, `BookCategory`, `Illustration`, `Language`, `level`, `lsf_images_paths`, `updated_at`, `created_at`) VALUES
(644, 'Renard', 'm', 'Le', 're,na,r', 'Une rencontre', '/cards-illustrations/Renard.svg', 'lpc', NULL, '', '2023-12-21 05:36:25', NULL),
(645, 'Renard', 'm', 'Le', '', 'Pou-poule !', '/cards-illustrations/Renard.svg', 'lsf', NULL, '/lsf-images/Renard N°1 - 0437.jpg|/lsf-images/renard_ndeg2_-_0438.jpg', '2023-12-21 05:36:25', NULL),
(646, 'Rencontre', 'f', 'La', '', 'Une rencontre', '/cards-illustrations/rencontrer.svg', 'lsf', NULL, '/lsf-images/Rencontre - 0184.jpg', '2023-12-21 05:36:25', NULL),
(647, 'rencontrer', 'v', '', 'ran,kon,t,ré', 'Pou-poule!', '', 'lpc', NULL, '', '2023-12-21 05:36:25', NULL),
(648, 'Repas', 'm', 'Le', 're,pa', 'Ecoute les bruits du château', '/cards-illustrations/Repas.svg', 'lpc', NULL, '', '2023-12-21 05:36:25', NULL),
(649, 'Repas', 'm', 'Le', 're,pa', 'Avec moi c\'est comme ça', '/cards-illustrations/Repas.svg', 'lpc', NULL, '', '2023-12-21 05:36:25', NULL),
(650, 'requin', 'm', 'Le', 're,kin', 'Banquise blues', '/cards-illustrations/requin.svg', 'lpc', NULL, '', '2023-12-21 05:36:25', NULL),
(651, 'Rester', 'v', '', '', 'Frisson l’écureuil', '/cards-illustrations/Rester.svg', 'lsf', NULL, '/lsf-images/Rester - 0023.jpg', '2023-12-21 05:36:25', NULL),
(652, 'Rêve', 'm', 'Le', 'rè,v', 'Dis-moi ?', '/cards-illustrations/Reve.svg', 'lpc', NULL, '', '2023-12-21 05:36:25', NULL),
(653, 'Rêve', 'm', 'Le', 'rè,v', 'L’Afrique de Zigomar', '/cards-illustrations/Reve.svg', 'lpc', NULL, '', '2023-12-21 05:36:25', NULL),
(654, 'Rêve', 'm', 'Le', '', 'Dis-moi ?', '/cards-illustrations/Reve.svg', 'lsf', NULL, '/lsf-images/Reve - 0183.jpg', '2023-12-21 05:36:25', NULL),
(655, 'Revenir', 'v', '', '', 'Il était plusieurs fois une forêt', '/cards-illustrations/Revenir.svg', 'lsf', NULL, '/lsf-images/Revenir N°1 - 0206.jpg|/lsf-images/revenir_ndeg2_-_0207.jpg', '2023-12-21 05:36:25', NULL),
(656, 'Revenir (2e sens)', 'v', '', '', 'Il était plusieurs fois une forêt', '/cards-illustrations/Revenir.svg', 'lsf', NULL, '/lsf-images/Revenir (2e sens) N°1 - 0208.jpg|/lsf-images/revenir_2e_sens_ndeg2_-_0209.jpg', '2023-12-21 05:36:25', NULL),
(657, 'Rhinocéros', 'm', 'Le', '', 'C’est dingue !', '/cards-illustrations/Rhinoceros.svg', 'lsf', NULL, '/lsf-images/Rhinoceros - 0307.jpg', '2023-12-21 05:36:25', NULL),
(658, 'Rien', 'a', '', 'r,yin', 'Que caches tu dans ton dos ?', '/cards-illustrations/Rien.svg', 'lpc', NULL, '', '2023-12-21 05:36:25', NULL),
(659, 'Rien', 'a', '', '', 'Rien qu’une fois', '/cards-illustrations/Rien.svg', 'lsf', NULL, '/lsf-images/Rien N°1 - 0212.jpg|/lsf-images/rien_ndeg2_-_0213.jpg', '2023-12-21 05:36:25', NULL),
(660, 'Rire', 'v', '', 'ri,re', 'Pas touche', '/cards-illustrations/rire.svg', 'lpc', NULL, '', '2023-12-21 05:36:25', NULL),
(661, 'Roi', 'm', 'Le', '', 'Dans ma maison', '/cards-illustrations/Roi.svg', 'lsf', NULL, '/lsf-images/Roi - 0201.jpg', '2023-12-21 05:36:25', NULL),
(662, 'roi', 'm', 'Le', 'r,wa', 'Où êtes-vous', '/cards-illustrations/roi.svg', 'lpc', NULL, '', '2023-12-21 05:36:25', NULL),
(663, 'Rond', 'a', '', 'ron', 'Quatre petits coins de rien du tout', '/cards-illustrations/Rond.svg', 'lpc', NULL, '', '2023-12-21 05:36:25', NULL),
(664, 'Rond', 'a', '', '', 'Quatre petits coins de rien du tout', '/cards-illustrations/Rond.svg', 'lsf', NULL, '/lsf-images/Rond - 0214.jpg', '2023-12-21 05:36:25', NULL),
(665, 'Ronds', 'a', '', 'ron', 'Trois petits pois', '/cards-illustrations/Rond.svg', 'lpc', NULL, '', '2023-12-21 05:36:25', NULL),
(666, 'Rose', 'a', '', 'reau,z', 'Marre du rose', '/cards-illustrations/Rose.svg', 'lpc', NULL, '', '2023-12-21 05:36:25', NULL),
(667, 'Rose', 'f', 'La', '', 'Marre du rose', '/cards-illustrations/Rose.svg', 'lsf', NULL, '/lsf-images/Rose N°1 - 0223.jpg|/lsf-images/rose_ndeg2_-_0224.jpg', '2023-12-21 05:36:25', NULL),
(668, 'Roseau', 'm', 'Le', 'ro,zeau', 'Ephémère', '/cards-illustrations/Roseau.svg', 'lpc', NULL, '', '2023-12-21 05:36:25', NULL),
(669, 'Rouge', 'a', '', 'rou,j', 'Couleurs', '/cards-illustrations/Rouge.svg', 'lpc', NULL, '', '2023-12-21 05:36:25', NULL),
(670, 'Rouge', 'a', '', 'rou,j', 'Le petit chaperon rouge', '/cards-illustrations/Rouge.svg', 'lpc', NULL, '', '2023-12-21 05:36:25', NULL),
(671, 'Rouge', 'a', '', 'rou,j', 'Les trois pommiers', '/cards-illustrations/Rouge.svg', 'lpc', NULL, '', '2023-12-21 05:36:25', NULL),
(672, 'Rouge', 'a', '', 'rou,j', 'Un livre', '/cards-illustrations/Rouge.svg', 'lpc', NULL, '', '2023-12-21 05:36:25', NULL),
(673, 'Rouge', 'a', '', '', 'Le petit chaperon rouge', '/cards-illustrations/Rouge.svg', 'lsf', NULL, '/lsf-images/Rouge N°1 - 0556.jpg|/lsf-images/rouge_ndeg2_-0557_0.jpg', '2023-12-21 05:36:25', NULL),
(674, 'Rouge', 'a', '', '', 'Couleurs', '/cards-illustrations/Rouge.svg', 'lsf', NULL, '/lsf-images/Rouge N°1 - 0556.jpg|/lsf-images/rouge_ndeg2_-0557.jpg', '2023-12-21 05:36:25', NULL),
(675, 'Route', 'f', 'La', 'rou,t', 'Le parapluie jaune', '/cards-illustrations/Route.svg', 'lpc', NULL, '', '2023-12-21 05:36:25', NULL),
(676, 's\'ennuyer', 'v', '', 'san,n,ui,yé', 'Grand loup et petit loup', '/cards-illustrations/sennuyer.svg', 'lpc', NULL, '', '2023-12-21 05:36:25', NULL),
(677, 'S\'il te plaît', 'a', '', '', 'La moufle', '/cards-illustrations/S\'il te plait.svg', 'lsf', NULL, '/lsf-images/S\'il te plait - 0315.jpg', '2023-12-21 05:36:25', NULL),
(678, 'Sac', 'm', 'Le', 'sa,k', 'C’est dingue !', '/cards-illustrations/Sac.svg', 'lpc', NULL, '', '2023-12-21 05:36:25', NULL),
(679, 'Sapin', 'm', 'Le', 'sa,pin', 'La nature', '/cards-illustrations/Sapin.svg', 'lpc', NULL, '', '2023-12-21 05:36:25', NULL),
(680, 'Sapin', 'm', 'Le', '', 'La nature', '/cards-illustrations/Sapin.svg', 'lsf', NULL, '/lsf-images/Sapin - 0510.jpg', '2023-12-21 05:36:25', NULL),
(681, 'Sardine', 'f', 'La', 'sa,r,di,n', '1,2,3 banquise', '/cards-illustrations/Sardine.svg', 'lpc', NULL, '', '2023-12-21 05:36:25', NULL),
(682, 'Sauter', 'v', '', 'seau,té', 'Le crocodile qui avait peur de l’eau', '/cards-illustrations/sauter.svg', 'lpc', NULL, '', '2023-12-21 05:36:25', NULL),
(683, 'Sauter', 'v', '', '', 'La moufle', '/cards-illustrations/Sauter.svg', 'lsf', NULL, '/lsf-images/sauter_ndeg2_-_0256.jpg', '2023-12-21 05:36:25', NULL),
(684, 'Secouer', 'v', '', '', 'Un livre', '/cards-illustrations/Secouer.svg', 'lsf', NULL, '/lsf-images/Secouer - 0250.jpg', '2023-12-21 05:36:25', NULL),
(685, 'Secouer', 'v', '', '', 'Un livre', '/cards-illustrations/Secouer.svg', 'lsf', NULL, '/lsf-images/Secouer - 0350.jpg', '2023-12-21 05:36:25', NULL),
(686, 'Seul', 'a', '', 'se,l', 'Dans la cour de l’école', '/cards-illustrations/Seul.svg', 'lpc', NULL, '', '2023-12-21 05:36:25', NULL),
(687, 'Seul', 'a', '', '', 'Dans la cour de l’école', '/cards-illustrations/Seul.svg', 'lsf', NULL, '/lsf-images/Seul N°1 - 0340.jpg|/lsf-images/seul_ndeg2_-_0341.jpg', '2023-12-21 05:36:25', NULL),
(688, 'Sonnette', 'f', 'La', '', 'Trouvinettes', '/cards-illustrations/Sonnette.svg', 'lsf', NULL, '/lsf-images/Sonnette - 0396.jpg', '2023-12-21 05:36:25', NULL),
(689, 'Soucis', 'm', 'Le', 'sou,si', 'Rien qu’une fois', '/cards-illustrations/Souci.svg', 'lpc', NULL, '', '2023-12-21 05:36:25', NULL),
(690, 'Soupe', 'f', 'La', 'sou,p', 'Et si je mangeais ma soupe?', '/cards-illustrations/Soupe.svg', 'lpc', NULL, '', '2023-12-21 05:36:25', NULL),
(691, 'Soupe', 'f', 'La', 'sou,p', 'Nous ce qu’on préfère', '/cards-illustrations/Soupe.svg', 'lpc', NULL, '', '2023-12-21 05:36:25', NULL),
(692, 'Soupe', 'f', 'La', '', 'Et si je mangeais ma soupe?', '/cards-illustrations/Soupe.svg', 'lsf', NULL, '/lsf-images/Soupe - 0555.jpg', '2023-12-21 05:36:25', NULL),
(693, 'Souris', 'f', 'La', 'sou,ri', 'L’hiver de la famille souris', '/cards-illustrations/Souris.svg', 'lpc', NULL, '', '2023-12-21 05:36:25', NULL),
(694, 'Souris', 'f', 'La', 'sou,ri', 'La tournée du facteur Souris', '/cards-illustrations/Souris.svg', 'lpc', NULL, '', '2023-12-21 05:36:25', NULL),
(695, 'Souris', 'f', 'La', 'sou,ri', 'Nous ce qu’on préfère', '/cards-illustrations/Souris.svg', 'lpc', NULL, '', '2023-12-21 05:36:25', NULL),
(696, 'Souris', 'f', 'La', 'sou,ri', 'Ouste ! attention aux ours', '/cards-illustrations/Souris.svg', 'lpc', NULL, '', '2023-12-21 05:36:25', NULL),
(697, 'Souris', 'f', 'La', '', 'La tournée du facteur Souris', '/cards-illustrations/Souris.svg', 'lsf', NULL, '/lsf-images/Souris - 0139.jpg', '2023-12-21 05:36:25', NULL),
(698, 'Souris', 'f', 'La', '', 'L’hiver de la famille souris', '/cards-illustrations/Souris.svg', 'lsf', NULL, '/lsf-images/Souris - 0139.jpg', '2023-12-21 05:36:25', NULL),
(699, 'souris', 'f', 'La', 'sou,ri', 'Splat et la sortie de classe', '/cards-illustrations/souris_0.svg', 'lpc', NULL, '', '2023-12-21 05:36:25', NULL),
(700, 'Sparadrap', 'm', 'Le', '', 'Une fourmi pas comme les autres', '/cards-illustrations/Sparadrap.svg', 'lsf', NULL, '/lsf-images/Sparadrap - 0196.jpg', '2023-12-21 05:36:25', NULL),
(701, 'Suivre', 'v', '', '', 'Un peu perdu', '/cards-illustrations/Suivre.svg', 'lsf', NULL, '/lsf-images/Suivre N°1 - 0596.jpg|/lsf-images/suivre_ndeg2_-_0597.jpg', '2023-12-21 05:36:25', NULL),
(702, 'Super', 'a', '', '', 'Le jour où j’ai perdu mes supers pouvoirs', '/cards-illustrations/Super.svg', 'lsf', NULL, '/lsf-images/Super - 0068.jpg', '2023-12-21 05:36:25', NULL),
(703, 'Surprise', 'f', 'La', '', '31 Boîtes', '/cards-illustrations/Surprise.svg', 'lsf', NULL, '/lsf-images/Surprise N°1 - 0581.jpg|/lsf-images/surprise_ndeg2_-_0582.jpg', '2023-12-21 05:36:25', NULL),
(704, 'tabourè', 'm', 'le', 'ta,bou,rè', 'les trois ours', '', 'lpc', NULL, '', '2023-12-21 05:36:25', NULL),
(705, 'tabouret', 'm', 'le', 'ta,bou,rè', 'les trois ours', '', 'lpc', NULL, '', '2023-12-21 05:36:25', NULL),
(706, 'Tapis', 'm', 'Le', 'ta,pi', 'Le ça', '/cards-illustrations/Tapis.svg', 'lpc', NULL, '', '2023-12-21 05:36:25', NULL),
(707, 'Tapis', 'm', 'Le', '', 'Qui, quoi, où ?', '/cards-illustrations/Tapis.svg', 'lsf', NULL, '/lsf-images/Tapis - 0298.jpg', '2023-12-21 05:36:25', NULL),
(708, 'Tarte', 'f', 'La', 'ta,r,t', 'La tarte aux fées', '/cards-illustrations/Tarte.svg', 'lpc', NULL, '', '2023-12-21 05:36:25', NULL),
(709, 'Taupe', 'f', 'La', 'teau,p', 'Dangereux', '/cards-illustrations/Taupe.svg', 'lpc', NULL, '', '2023-12-21 05:36:25', NULL),
(710, 'Taupe', 'f', 'La', '', 'Dangereux', '/cards-illustrations/Taupe.svg', 'lsf', NULL, '/lsf-images/Taupe N°1 - 0375.jpg|/lsf-images/taupe_ndeg2_-_0376.jpg', '2023-12-21 05:36:25', NULL),
(711, 'temps', 'm', 'Le', 'tan', 'Tout ce qu\'il faut pour faire une cabane', '', 'lpc', NULL, '', '2023-12-21 05:36:25', NULL),
(712, 'Terre', 'f', 'La', 'tè,r', 'Poisson et chat', '', 'lpc', NULL, '', '2023-12-21 05:36:25', NULL),
(713, 'Terre', 'f', 'La', 'tè,r', 'Sophie et sa courge', '/cards-illustrations/Terre.svg', 'lpc', NULL, '', '2023-12-21 05:36:25', NULL),
(714, 'Tête', 'f', 'La', 'tè,t', 'Et si je mangeais ma soupe?', '/cards-illustrations/Tete.svg', 'lpc', NULL, '', '2023-12-21 05:36:25', NULL),
(715, 'Tête', 'f', 'La', 'tè,t', 'Voici un oeuf', '/cards-illustrations/Tete.svg', 'lpc', NULL, '', '2023-12-21 05:36:25', NULL),
(716, 'Thé', 'm', 'Le', 'té', 'Le bain de madame trompette', '/cards-illustrations/The.svg', 'lpc', NULL, '', '2023-12-21 05:36:25', NULL),
(717, 'Tigre', 'f', 'La', 'ti,g,r', 'Ecoute les bruits du cirque', '/cards-illustrations/Tigre.svg', 'lpc', NULL, '', '2023-12-21 05:36:25', NULL),
(718, 'Tigre', 'm', 'Le', '', 'Ecoute les bruits du cirque', '/cards-illustrations/Tigre.svg', 'lsf', NULL, '/lsf-images/Tigre N°1 - 0539.jpg|/lsf-images/tigre_ndeg2_-_0540.jpg', '2023-12-21 05:36:25', NULL),
(719, 'Timide', 'a', '', '', 'Petit oubli', '/cards-illustrations/Timide.svg', 'lsf', NULL, '/lsf-images/Timide N°1 - 0186.jpg', '2023-12-21 05:36:25', NULL),
(720, 'Toit', 'm', 'Le', 't,wa', 'Ouaf, miaou, cui-cui', '/cards-illustrations/Toit.svg', 'lpc', NULL, '', '2023-12-21 05:36:25', NULL),
(721, 'Toit', 'm', 'Le', '', 'Ouaf, miaou, cui-cui', '/cards-illustrations/Toit.svg', 'lsf', NULL, '/lsf-images/Toit - 0262.jpg', '2023-12-21 05:36:25', NULL),
(722, 'Tom', 'a', '', 'to,m', 'Dangereux', '', 'lpc', NULL, '', '2023-12-21 05:36:25', NULL),
(723, 'Tortue', 'f', 'La', '', 'C’est dingue !', '/cards-illustrations/Tortue.svg', 'lsf', NULL, '/lsf-images/Tortue N°1 - 0303.jpg|/lsf-images/tortue_ndeg2_-_0304_0.jpg', '2023-12-21 05:36:25', NULL),
(724, 'Tortue', 'f', 'La', '', 'Bloup bloup bloup', '/cards-illustrations/Tortue.svg', 'lsf', NULL, '/lsf-images/Tortue N°1 - 0303.jpg|/lsf-images/tortue_ndeg2_-_0304.jpg', '2023-12-21 05:36:25', NULL),
(725, 'Train', 'm', 'Le', 't,rin', 'Le parapluie jaune', '/cards-illustrations/Train.svg', 'lpc', NULL, '', '2023-12-21 05:36:25', NULL),
(726, 'Train', 'm', 'Le', '', 'Le parapluie jaune', '/cards-illustrations/Train.svg', 'lsf', NULL, '/lsf-images/Train - 0346.jpg', '2023-12-21 05:36:25', NULL),
(727, 'Trésor', 'm', 'Le', '', 'Ta main dans ma main', '/cards-illustrations/Tresor.svg', 'lsf', NULL, '/lsf-images/Tresor N° 1 - 0266.jpg|/lsf-images/tresor_ndeg_2_-_0268_0.jpg', '2023-12-21 05:36:25', NULL),
(728, 'Trésor (autre)', 'm', 'Le', '', 'Ta main dans ma main', '/cards-illustrations/Tresor.svg', 'lsf', NULL, '/lsf-images/Tresor (autre) - 0265.jpg', '2023-12-21 05:36:25', NULL),
(729, 'Trois', 'a', '', 't,r,wa', 'Chut ! on a un plan', '/cards-illustrations/Trois.svg', 'lpc', NULL, '', '2023-12-21 05:36:25', NULL),
(730, 'Trompette', 'f', 'La', '', 'Le bain de madame trompette', '/cards-illustrations/Trompette.svg', 'lsf', NULL, '/lsf-images/Trompette - 0010.jpg', '2023-12-21 05:36:25', NULL),
(731, 'Trouver', 'v', '', '', 'Où est Mouf ?', '/cards-illustrations/Trouver.svg', 'lsf', NULL, '/lsf-images/Trouver N°1 - 0427.jpg|/lsf-images/trouver_ndeg2_-_0428.jpg', '2023-12-21 05:36:25', NULL),
(732, 'Un', 'a', '', 'un', 'Chut ! on a un plan', '/cards-illustrations/Un.svg', 'lpc', NULL, '', '2023-12-21 05:36:25', NULL),
(733, 'Vélo', 'm', 'Le', 'vé,lo', 'Trouvinettes', '/cards-illustrations/Velo.svg', 'lpc', NULL, '', '2023-12-21 05:36:25', NULL),
(734, 'Vélo', 'm', 'Le', '', 'Trouvinettes', '', 'lsf', NULL, '/lsf-images/velo_ndeg2_-_0394.jpg', '2023-12-21 05:36:25', NULL),
(735, 'Venir', 'v', '', '', 'Sur les genoux de maman', '/cards-illustrations/Venir.svg', 'lsf', NULL, '/lsf-images/Venir N°1 - 0442.jpg|/lsf-images/venir_ndeg2_-_0443.jpg', '2023-12-21 05:36:25', NULL),
(736, 'Vent', 'm', 'Le', 'van', 'L’hiver de la famille souris', '/cards-illustrations/Vent.svg', 'lpc', NULL, '', '2023-12-21 05:36:25', NULL),
(737, 'Vent', 'm', 'Le', 'van', 'Merci le vent', '/cards-illustrations/Vent.svg', 'lpc', NULL, '', '2023-12-21 05:36:25', NULL),
(738, 'Vent', 'm', 'Le', '', 'Igor et Natacha', '/cards-illustrations/Vent.svg', 'lsf', NULL, '/lsf-images/Vent N° 1 - 283.jpg|/lsf-images/vent_ndeg2_-_0284.jpg', '2023-12-21 05:36:25', NULL),
(739, 'ventre', 'm', 'Le', 'van,t,re', 'Et pourquoi?', '', 'lpc', NULL, '', '2023-12-21 05:36:25', NULL),
(740, 'Ver de terre', 'm', 'Le', '', 'Trois petits pois', '/cards-illustrations/Ver (de terre).svg', 'lsf', NULL, '/lsf-images/Ver de terre - 0252.jpg', '2023-12-21 05:36:25', NULL),
(741, 'Ver de terre', 'm', 'Le', '', 'Nous ce qu’on préfère', '/cards-illustrations/ver_de_terre.svg', 'lsf', NULL, '/lsf-images/Ver de terre - 0252.jpg', '2023-12-21 05:36:25', NULL),
(742, 'Vers', 'm', 'Le', 'vè,r', 'Les instruments', '/cards-illustrations/Ver (de terre).svg', 'lpc', NULL, '', '2023-12-21 05:36:25', NULL),
(743, 'Vert', 'a', '', 'vè,r', 'Couleurs', '/cards-illustrations/Vert.svg', 'lpc', NULL, '', '2023-12-21 05:36:25', NULL),
(744, 'Vert', 'a', '', 'vè,r', 'Le parapluie vert', '/cards-illustrations/Vert.svg', 'lpc', NULL, '', '2023-12-21 05:36:25', NULL),
(745, 'Vert', 'a', '', 'vè,r', 'Les trois pommiers', '/cards-illustrations/Vert.svg', 'lpc', NULL, '', '2023-12-21 05:36:25', NULL),
(746, 'Vert', 'a', '', '', 'Couleurs', '/cards-illustrations/Vert.svg', 'lsf', NULL, '/lsf-images/Vert - 0589.jpg', '2023-12-21 05:36:25', NULL),
(747, 'Vert', 'a', '', '', 'Le parapluie vert', '/cards-illustrations/Vert.svg', 'lsf', NULL, '/lsf-images/Vert - 0589.jpg', '2023-12-21 05:36:25', NULL),
(748, 'Vert', 'a', '', '', 'Les trois pommiers', '/cards-illustrations/Vert.svg', 'lsf', NULL, '/lsf-images/Vert - 0589.jpg', '2023-12-21 05:36:25', NULL),
(749, 'Verts', 'a', '', 'vè,r', 'Trois petits pois', '/cards-illustrations/Vert.svg', 'lpc', NULL, '', '2023-12-21 05:36:25', NULL),
(750, 'Vie', 'f', 'La', 'vi', 'Ephémère', '/cards-illustrations/Vie.svg', 'lpc', NULL, '', '2023-12-21 05:36:25', NULL),
(751, 'Vie', 'f', 'La', 'vi', 'Mais qui vit là?', '/cards-illustrations/Vie.svg', 'lpc', NULL, '', '2023-12-21 05:36:25', NULL),
(752, 'Vie', 'f', 'La', 'vi', 'Mon oiseau', '/cards-illustrations/Vie.svg', 'lpc', NULL, '', '2023-12-21 05:36:25', NULL),
(753, 'Vie', 'f', 'La', '', 'Mais qui vit là?', '/cards-illustrations/Vie.svg', 'lsf', NULL, '/lsf-images/Vie - 0205.jpg', '2023-12-21 05:36:25', NULL),
(754, 'Vie', 'f', 'La', '', 'Ephémère', '/cards-illustrations/vie.svg', 'lsf', NULL, '/lsf-images/vie_-_0205.jpg', '2023-12-21 05:36:25', NULL),
(755, 'Vieux', 'a', '', '', 'Le parapluie vert', '/cards-illustrations/Vieux.svg', 'lsf', NULL, '/lsf-images/Vieux - 0277.jpg', '2023-12-21 05:36:25', NULL),
(756, 'Vol', 'm', 'Le', 'vo,l', 'Ephémère', '/cards-illustrations/Vol.svg', 'lpc', NULL, '', '2023-12-21 05:36:25', NULL),
(757, 'Volant', 'a', '', 'vo,lan', 'Trouvinettes', '/cards-illustrations/Volant.svg', 'lpc', NULL, '', '2023-12-21 05:36:25', NULL),
(758, 'Voler', 'v', '', 'vo,lé', 'Le jour où j’ai perdu mes supers pouvoirs', '', 'lpc', NULL, '', '2023-12-21 05:36:25', NULL),
(759, 'Voler', 'v', '', '', 'Au Galop!', '/cards-illustrations/Voler.svg', 'lsf', NULL, '/lsf-images/Voler N°1 - 0501.jpg|/lsf-images/voler_ndeg2_-_0502.jpg', '2023-12-21 05:36:25', NULL),
(760, 'Voyager', 'v', '', '', 'L’Afrique de Zigomar', '/cards-illustrations/Voyager.svg', 'lsf', NULL, '/lsf-images/Voyager - 0106.jpg', '2023-12-21 05:36:25', NULL),
(761, 'Yeux', 'm', 'Le', 'yeu', 'Le bain de madame trompette', '/cards-illustrations/Yeux.svg', 'lpc', NULL, '', '2023-12-21 05:36:25', NULL),
(762, 'Yeux', 'm', 'Le', 'yeu', 'Pourquoi ?', '/cards-illustrations/Yeux.svg', 'lpc', NULL, '', '2023-12-21 05:36:25', NULL),
(763, 'Yeux', 'm', 'Le', '', 'Le bain de madame trompette', '/cards-illustrations/Yeux.svg', 'lsf', NULL, '/lsf-images/Yeux N°1 - 0469.jpg|/lsf-images/yeux_ndeg2_-_0470_0.jpg', '2023-12-21 05:36:25', NULL),
(764, 'Yeux', 'm', 'Le', '', 'Pourquoi ?', '/cards-illustrations/Yeux.svg', 'lsf', NULL, '/lsf-images/Yeux N°1 - 0469.jpg|/lsf-images/yeux_ndeg2_-_0470.jpg', '2023-12-21 05:36:25', NULL),
(765, 'Zèbre', 'm', 'Le', '', 'La provision de bisous de Zou', '/cards-illustrations/Zebre.svg', 'lsf', NULL, '/lsf-images/Zebre N°1 - 0565.jpg|/lsf-images/zebre_ndeg2_-_0566.jpg', '2023-12-21 05:36:25', NULL),
(766, 'zoo', 'm', 'Le', 'zeau', 'Splat et la sortie de classe', '', 'lpc', NULL, '', '2023-12-21 05:36:25', NULL);

--
-- Indexes for dumped tables
--

--
-- Indexes for table `Books`
--
ALTER TABLE `Books`
  ADD PRIMARY KEY (`Id`);

--
-- Indexes for table `failed_jobs`
--
ALTER TABLE `failed_jobs`
  ADD PRIMARY KEY (`id`),
  ADD UNIQUE KEY `failed_jobs_uuid_unique` (`uuid`);

--
-- Indexes for table `Image`
--
ALTER TABLE `Image`
  ADD PRIMARY KEY (`id`);

--
-- Indexes for table `migrations`
--
ALTER TABLE `migrations`
  ADD PRIMARY KEY (`id`);

--
-- Indexes for table `password_reset_tokens`
--
ALTER TABLE `password_reset_tokens`
  ADD PRIMARY KEY (`email`);

--
-- Indexes for table `personal_access_tokens`
--
ALTER TABLE `personal_access_tokens`
  ADD PRIMARY KEY (`id`),
  ADD UNIQUE KEY `personal_access_tokens_token_unique` (`token`),
  ADD KEY `personal_access_tokens_tokenable_type_tokenable_id_index` (`tokenable_type`,`tokenable_id`);

--
-- Indexes for table `syllable`
--
ALTER TABLE `syllable`
  ADD PRIMARY KEY (`id`);

--
-- Indexes for table `users`
--
ALTER TABLE `users`
  ADD PRIMARY KEY (`id`),
  ADD UNIQUE KEY `users_email_unique` (`email`);

--
-- Indexes for table `Word_tbl`
--
ALTER TABLE `Word_tbl`
  ADD PRIMARY KEY (`id`);

--
-- AUTO_INCREMENT for dumped tables
--

--
-- AUTO_INCREMENT for table `Books`
--
ALTER TABLE `Books`
  MODIFY `Id` int(11) NOT NULL AUTO_INCREMENT, AUTO_INCREMENT=129;

--
-- AUTO_INCREMENT for table `failed_jobs`
--
ALTER TABLE `failed_jobs`
  MODIFY `id` bigint(20) UNSIGNED NOT NULL AUTO_INCREMENT;

--
-- AUTO_INCREMENT for table `Image`
--
ALTER TABLE `Image`
  MODIFY `id` int(11) NOT NULL AUTO_INCREMENT, AUTO_INCREMENT=8;

--
-- AUTO_INCREMENT for table `migrations`
--
ALTER TABLE `migrations`
  MODIFY `id` int(10) UNSIGNED NOT NULL AUTO_INCREMENT, AUTO_INCREMENT=8;

--
-- AUTO_INCREMENT for table `personal_access_tokens`
--
ALTER TABLE `personal_access_tokens`
  MODIFY `id` bigint(20) UNSIGNED NOT NULL AUTO_INCREMENT;

--
-- AUTO_INCREMENT for table `syllable`
--
ALTER TABLE `syllable`
  MODIFY `id` bigint(20) UNSIGNED NOT NULL AUTO_INCREMENT, AUTO_INCREMENT=298;

--
-- AUTO_INCREMENT for table `users`
--
ALTER TABLE `users`
  MODIFY `id` bigint(20) UNSIGNED NOT NULL AUTO_INCREMENT, AUTO_INCREMENT=16;

--
-- AUTO_INCREMENT for table `Word_tbl`
--
ALTER TABLE `Word_tbl`
  MODIFY `id` int(11) NOT NULL AUTO_INCREMENT, AUTO_INCREMENT=767;
COMMIT;

/*!40101 SET CHARACTER_SET_CLIENT=@OLD_CHARACTER_SET_CLIENT */;
/*!40101 SET CHARACTER_SET_RESULTS=@OLD_CHARACTER_SET_RESULTS */;
/*!40101 SET COLLATION_CONNECTION=@OLD_COLLATION_CONNECTION */;
